10387	http://batman-arkhamcity.ru/	0.0
10387	http://bigtorrents.org/publ/batman_arkham_city_dlc_2011_pc_rus_repack_ot_r_g_catalyst/47-1-0-24614	0.14
10387	http://consolelife.ru/xbox-360/6577-o-rossiyskom-relize-batman-arkham-city.html	0.14
10387	http://dic.academic.ru/book.nsf/3662736/Batman%3A+Arkham+Asylum	0.0
10387	http://forum.csmania.ru/viewtopic.php?t=25986	0.14
10387	http://forum.igromania.ru/printthread.php?s=f3f76999da444c59988e12eaa3c4791c&t=103959&pp=200&page=13	0.07
10387	http://forum.sharereactor.ru/showthread.php?t=180279	0.0
10387	http://forums.4gamers.ru/threads/batman-arkham-city-%D1%80%D1%83%D1%81%D1%81%D0%BA%D0%B0%D1%8F-%D0%B2%D0%B5%D1%80%D1%81%D0%B8%D1%8F-%D0%B8%D0%B3%D1%80%D1%8B.2449/	0.07
10387	http://forums.playground.ru/batman_arkham_city/626529/	0.0
10387	http://forums.playground.ru/batman_arkham_city/687209/	0.07
10387	http://gamersblog.ru/news/batman-arkham-city-in-russia/p/30	0.14
10387	http://gamestation.ru/product/15068.html	0.14
10387	http://kanobu.ru/blog/id281160/	0.0
10387	http://kanobu.ru/blog/v-ozhidanii-cheloveka-letuchej-myishi-268343/	0.07
10387	http://kanobu.ru/off.html	0.0
10387	http://mgnews.ru/media/getimage/23281	0.14
10387	http://mgnews.ru/media/getimage/23283	0.14
10387	http://mgnews.ru/media/getimage/23284	0.07
10387	http://mgnews.ru/media/getimage/23286	0.0
10387	http://mgnews.ru/read-news/pro-izdanija-batman-arkham-city-v-rossii-0909111933	0.14
10387	http://mirslovarei.com/content_gerchin/batman-11205.html	0.0
10387	http://ru.wikipedia.org/wiki/Batman:_Arkham_City	0.0
10387	http://stopgame.ru/preview/batman_arkham_asylum_2/preview.html	0.07
10387	http://store.steampowered.com/sub/16547	0.0
10387	http://supercomics.ru/load/dc/batman_arkham_city/90	0.0
10387	http://vrgames.by/news/catwoman-polnotsennyj-personazh-batman-arkham-city	0.0
10387	http://www.arkham-city.ru/	0.0
10387	http://www.batmanforever.ru/batman-news/703-pervye-15-minut-igry-batman-arkham-city.html	0.14
10387	http://www.batmanforever.ru/batman-news/709-rusifikatsija-i-tochnaja-data-vyhoda-igry-batman-arkham-city.html	0.14
10387	http://www.comicsdb.ru/publishers/10/40090/	0.14
10387	http://www.comicsdb.ru/publishers/10/40090/comments/	0.0
10387	http://www.comicsdb.ru/publishers/10/40090/comments/last/1110/	0.0
10387	http://www.gamer.ru/batman-arkham-city/batman-arkham-city-2-perevod	0.0
10387	http://www.gamer.ru/batman-arkham-city/batman-arkham-city-faq	0.0
10387	http://www.gamer.ru/batman-arkham-city/v-batman-arkhem-siti-poyavilsya-robin	0.0
10387	http://www.games-tv.ru/treilers/batman_arkham_asylum_2/treyler_1	0.0
10387	http://www.games-tv.ru/treilers/batman_arkham_asylum_2/treyler_4	0.0
10387	http://www.games-tv.ru/treilers/batman_arkham_asylum_2/treyler_6	0.07
10387	http://www.igromania.ru/videomania/148196/	0.0
10387	http://www.igromania.ru/videomania/159847/	0.14
10387	http://www.jurnalu.ru/online-reading/comicsonline/batmanarkhamcityendgame	0.14
10387	http://www.microsofttranslator.com/bv.aspx?ref=SERP&br=ro&mkt=en-US&dl=en&lp=FR_EN&a=http%3a%2f%2ffr.wikipedia.org%2fwiki%2fBatman%3a_Arkham_City	0.0
10387	http://www.playground.ru/blogs/batman_arkham_city/26032/	0.07
10387	http://www.playground.ru/blogs/batman_arkham_city/39840/	0.14
10387	http://www.playground.ru/blogs/batman_arkham_city/ne_budet_russkoy_ozvuchki-34462/	0.07
10387	http://www.playground.ru/blogs/batman_arkham_city/rossiyskiy_reliz_batman_arkham_city_perenesen-39840/	0.0
10387	http://www.rutor.org/torrent/155539/batman-arkham-unhinged-2011-jpeg-comics	0.0
10387	http://www.rutor.org/torrent/196061/batman-arkham-city-2011-ps3	0.0
10387	http://www.youtube.com/watch?v=lV5sQO_eHGU	0.0
10387	http://www.youtube.com/watch?v=vWfwkfVw6vg	0.0
10387	http://www.youtube.com/watch?v=vauGLEJv6IA	0.0
10387	http://x-torrents.org/forum/showthread.php?tid=56888&page=2	0.14
107538	http://5ballov.qip.ru/referats/preview/34786	0.0
107538	http://ais.by/story/685	0.0
107538	http://allreferat.org.ua/referat/97799/%CB%E8%E7%E8%ED%E3_%E2_%D0%EE%F1%F1%E8%E8_%E8_%F1%F2%F0%E0%ED%E0%F5_%C7%E0%EF%E0%E4%E0.html	0.0
107538	http://belreferat.ru/category_124.html	0.0
107538	http://bishelp.ru/gde_dengi/lizing/liter.php	0.0
107538	http://cardorog.ru/index?module=item&id=3	0.0
107538	http://charter97.org/ru/news/2010/1/1/25058/	0.0
107538	http://dfk-dfr.com/load/34-1-0-2508	0.07
107538	http://diplom.by/rabota-osobennosti-primeneniya-i-ekonomicheskaya-otsenka-lizinga-page1	0.0
107538	http://eup.ru/Documents/2006-07-10/4609E-3.asp	0.0
107538	http://finance.iatp.by/lizing.htm	0.0
107538	http://leasing.ocipov.ru/	0.07
107538	http://leasing.ocipov.ru/inleas07.htm	0.0
107538	http://leasing.sdelki.ru/news/content/1155288380.html	0.0
107538	http://library.bseu.by/index.php?option=com_content&task=view&id=51&Itemid=177	0.0
107538	http://list.mail.ru/10992/1/0_1_0_16.html	0.0
107538	http://lulkaviks.narod.ru/id-41.html	0.0
107538	http://otherreferats.allbest.ru/economy/00006991_2.html	0.0
107538	http://referat.kulichki.net/files/page.php?id=29756	0.0
107538	http://revolution.allbest.ru/economy/00037214_0.html	0.0
107538	http://shpora.net/readywork?p=84&d=3&t=1&w=6858	0.14
107538	http://smelnasto.narod.ru/id-41.html	0.0
107538	http://socrat.info/?p=finished&v=jv&id=1818	0.0
107538	http://socrat.info/?p=finished&v=jv&id=3518	0.0
107538	http://stud24.ru/literature/razvitie-belorusskoj-literatury/57048-192121-page1.html	0.0
107538	http://student.km.ru/ref_show_frame.asp?id=EE2C286A69004D9DB721C18FA1625BB5	0.0
107538	http://studentochka.ru/liter/stat2008_p.html	0.0
107538	http://ua.coolreferat.com/%D0%A3%D1%87%D0%B5%D1%82_%D0%BE%D0%BF%D0%B5%D1%80%D0%B0%D1%86%D0%B8%D0%B9_%D0%BF%D0%BE_%D0%BB%D0%B8%D0%B7%D0%B8%D0%BD%D0%B3%D1%83	0.0
107538	http://unlease.ru/liter/literat-leasing-ru.htm	0.0
107538	http://unlease.ru/liter/literat_leasing-1.htm	0.0
107538	http://unlease.ru/liter/literat_leasing-3.htm	0.0
107538	http://werrik.info/e16	0.0
107538	http://werrik.info/g26	0.0
107538	http://werrik.info/j02	0.0
107538	http://works.tarefer.ru/99/101385/index.html	0.0
107538	http://www.5ka.ru/98/23395/1.html	0.0
107538	http://www.belreferat.by/work_1669.html	0.0
107538	http://www.bestdiplom.info/category_121.html	0.0
107538	http://www.bestreferat.ru/referat-183210.html	0.0
107538	http://www.bestreferat.ru/referat-203711.html	0.0
107538	http://www.bestreferat.ru/referat-68853.html	0.0
107538	http://www.bestreferat.ru/referat-98577.html	0.0
107538	http://www.bibliofond.ru/view.aspx?id=22503	0.0
107538	http://www.bibliofond.ru/view.aspx?id=435963	0.0
107538	http://www.bibliofond.ru/view.aspx?id=491036	0.0
107538	http://www.bibliofond.ru/view.aspx?id=562022	0.07
107538	http://www.businesspress.ru/newspaper/article_mId_2_aId_333607.html	0.0
107538	http://www.coolreferat.com/%D0%9B%D0%B8%D0%B7%D0%B8%D0%BD%D0%B3_%D0%B2_%D0%91%D0%B5%D0%BB%D0%B0%D1%80%D1%83%D1%81%D0%B8	0.07
107538	http://www.coolreferat.com/%D1%81%D0%BF%D0%B8%D1%81%D0%BE%D0%BA-%D0%BB%D0%B8%D1%82%D0%B5%D1%80%D0%B0%D1%82%D1%83%D1%80%D1%8B=%D0%9B%D0%B8%D0%B7%D0%B8%D0%BD%D0%B3_%D0%B2_%D0%91%D0%B5%D0%BB%D0%B0%D1%80%D1%83%D1%81%D0%B8	0.0
107538	http://www.credit-arenda.ru/literat-leasing-ru.php	0.07
107538	http://www.diplomart.ru/subjects/lit-0268.html	0.0
107538	http://www.economica-eco.narod.ru/spisoc.txt	0.0
107538	http://www.elective.ru/lit/menl04-004.phtml	0.0
107538	http://www.elitkursach.info/category_121_4.html	0.0
107538	http://www.fos.ru/economy/12938.html	0.0
107538	http://www.ipel.bsu.by/forstudent.asp?d=pr_mcp	0.07
107538	http://www.kontrolnaja.ru/dir/finance/23418	0.0
107538	http://www.metal-profi.ru/library/economy/gftyw.htm?start=585	0.0
107538	http://www.neuch.ru/referat/90751.html	0.0
107538	http://www.ref.by/refs/98/23395/1.html	0.07
107538	http://www.referat.ru/referats/view/19289	0.07
107538	http://www.referats.5-ka.ru/98/23395/1.html	0.0
107538	http://www.roman.by/r-98577.html	0.0
107538	http://www.rosleasing.ru/docs/books/Leasing_books_20041223.pdf	0.0
107538	http://www.rosleasing.ru/docs/books/from_author.pdf	0.07
107538	http://www.rusreferats.ru/work_21019.html	0.0
107538	http://www.vezetmne.ru/	0.0
107538	http://www.vsesdano.com/index.php?page=1	0.0
107538	http://www.vss.nlr.ru/archive_catalog.php?p=7&rid=1908	0.07
107538	http://www.zatulin.ru/institute/sbornik/023/02.shtml	0.0
150126	http://aleksius.com/articles/miscellaneous/62-review-artisteer-part-1	0.0
150126	http://androidreview.ru/kak-proisxodit-napisanie-programm-dlya-androida.html	0.0
150126	http://autorambler.ru/readreview/	0.0
150126	http://bizexperts.ru/obzor-tipichnyx-oshibok-pri-napisanii-biznes-plana.html	0.0
150126	http://ekklezia.ru/vsyo-soobschestvo/kompyutery-i-internet/pravoslavnye-internet-resursy/dlya-pravoslavnyh-saytov.html	0.0
150126	http://hh-review.livejournal.com/4577.html	0.0
150126	http://myecigsreviews.com/	0.0
150126	http://ns1.content-review.com/articles/14721/	0.0
150126	http://ps3.ign.com/	0.0
150126	http://review-software.ru/	0.0
150126	http://review.lospopadosos.com/	0.0
150126	http://ru.wikipedia.org/wiki/Physical_Review_Letters	0.0
150126	http://sonikelf.ru/zakazat-obzor/	0.14
150126	http://stoplinux.org.ru/reviews/rules_of_writing_reviews.html	0.14
150126	http://ulc-group.com/sozdanie-sajta-obzor-cms/	0.0
150126	http://vexell.ru/2010/10/%d0%ba%d0%b0%d0%ba-%d0%bd%d0%b0%d0%bf%d0%b8%d1%81%d0%b0%d1%82%d1%8c-%d0%bf%d0%bb%d0%b0%d0%b3%d0%b8%d0%bd-%d0%b4%d0%bb%d1%8f-wordpress/	0.0
150126	http://vk.com/respectreview	0.0
150126	http://web-kd.ru/wordpress/plugins_ru/plagin-dlya-wordpress/	0.0
150126	http://www.daewoo-faq.auto.ru/	0.0
150126	http://www.dapreview.net/	0.0
150126	http://www.diplom-kursovaya.ru/review.htm	0.0
150126	http://www.diplomplanet.ru/review.php	0.0
150126	http://www.dpreview.com/reviews/	0.0
150126	http://www.dpreview.com/reviews/nikond50/	0.0
150126	http://www.econ.msu.ru/cmt2/lib/a/1883/file/uch_pl_3k.pdf	0.0
150126	http://www.gamedev.ru/code/articles/?id=4243	0.0
150126	http://www.gunforum.com.ua/viewtopic.php?f=32&t=1857&view=unread	0.0
150126	http://www.imaging-resource.com/	0.0
150126	http://www.ixbt.com/mobile/review/comp-sms.shtml	0.0
150126	http://www.laparoscopy.ru/review/2004-08.html	0.0
150126	http://www.lastfm.ru/tag/review	0.0
150126	http://www.litobzor.ru/howwrite.html	0.07
150126	http://www.medreview.ru/	0.0
150126	http://www.mobile-review.com/	0.0
150126	http://www.mobile-review.com/print.php?filename=/soft/2006/learn-word.shtml	0.0
150126	http://www.mobile-review.com/review/windows-phone7.shtml	0.0
150126	http://www.reviewboard.org/	0.0
150126	http://www.seotxt.com/blogs/review/	0.0
150126	http://www.smart-lab.ru/blog/43771.php	0.0
150126	http://www.the-ebook.org/?p=11009	0.0
150126	http://www.thg.ru/software/	0.0
150126	http://www.uberreview.com/	0.0
150126	http://www.unwiredview.com/	0.0
150126	http://www.weblancer.net/projects/279229.html	0.07
150126	http://www.zxpress.ru/article.php?id=5650	0.0
150126	https://www.free-lance.ru/projects/?pid=451766&f=diver	0.14
168170	http://giftwoman.ru/index.php?option=com_content&view=article&id=196&Itemid=99	0.0
168170	http://good-presents.ru/index.php?productID=806676	0.0
168170	http://ideipodarkov.net/%D0%BC%D0%B5%D0%B4%D0%B0%D0%BB%D1%8C-%D0%B4%D0%B5%D1%80%D0%B5%D0%B2%D1%8F%D0%BD%D0%BD%D0%B0%D1%8F-%D1%81%D0%B2%D0%B0%D0%B4%D1%8C%D0%B1%D0%B0-5-%D0%BB%D0%B5%D1%82-f37e3728-6b5a-41ac-9e41-f6fe944fe70a/	0.0
168170	http://ideipodarkov.net/%D0%BC%D0%B5%D0%B4%D0%B0%D0%BB%D1%8C-%D0%B6%D0%B5%D0%BC%D1%87%D1%83%D0%B6%D0%BD%D0%B0%D1%8F-%D1%81%D0%B2%D0%B0%D0%B4%D1%8C%D0%B1%D0%B0-30-%D0%BB%D0%B5%D1%82-31684-podarok/	0.0
168170	http://ideipodarkov.net/%D0%BC%D0%B5%D0%B4%D0%B0%D0%BB%D1%8C-%D1%81-%D1%8E%D0%B1%D0%B8%D0%BB%D0%B5%D0%B5%D0%BC-30-%D0%BB%D0%B5%D1%82-54917-podarok/	0.07
168170	http://imbrium.ru/catalog/index.php?SECTION_ID=12	0.14
168170	http://mrdom.ru/catalog/index.php?SECTION_ID=24986	0.07
168170	http://perm.kp.ru/daily/24292/486734/	0.07
168170	http://podarki.ru/%D0%B3%D1%80%D1%83%D0%BF%D0%BF%D0%B0-%D0%BF%D0%BE%D0%B4%D0%B0%D1%80%D0%BA%D0%BE%D0%B2/%D0%A1%D0%B2%D0%B0%D0%B4%D0%B5%D0%B1%D0%BD%D1%8B%D0%B5-%D0%BC%D0%B5%D0%B4%D0%B0%D0%BB%D0%B8-5664	0.07
168170	http://podarki.ru/%D0%BA%D1%83%D0%BF%D0%B8%D1%82%D1%8C/%D0%9C%D0%B5%D0%B4%D0%B0%D0%BB%D1%8C-%D0%96%D0%B5%D0%BC%D1%87%D1%83%D0%B6%D0%BD%D0%B0%D1%8F-%D1%81%D0%B2%D0%B0%D0%B4%D1%8C%D0%B1%D0%B0!-30-%D0%BB%D0%B5%D1%82-895110	0.0
168170	http://podarki.ru/%D0%BA%D1%83%D0%BF%D0%B8%D1%82%D1%8C/%D0%9C%D0%B5%D0%B4%D0%B0%D0%BB%D1%8C-%D0%96%D0%B5%D0%BC%D1%87%D1%83%D0%B6%D0%BD%D0%B0%D1%8F-%D1%81%D0%B2%D0%B0%D0%B4%D1%8C%D0%B1%D0%B0-30-%D0%BB%D0%B5%D1%82-695895	0.0
168170	http://podarki.ru/qa/question.aspx?id=a34f143e-8d9c-44c0-bd1a-0271c512d6ce	0.07
168170	http://podarki.vampodarok.com/gift/1e4eeee6-0cf9-4fc7-85df-1c794a3b1de6/0/38/	0.07
168170	http://podarki.vampodarok.com/gift/24ceb10a-4eb0-4e13-a28a-f04edf8c39d5/0/0/	0.07
168170	http://podarki.vampodarok.com/gift/378d62bc-17ae-4ba1-97a4-0d9d3a866a3c/0/5/	0.0
168170	http://podarki.vampodarok.com/gift/378d62bc-17ae-4ba1-97a4-0d9d3a866a3c/1/19/	0.14
168170	http://podarki.vampodarok.com/gift/9e41d39f-2605-48b9-9ae7-da491ad2581f/0/3/	0.07
168170	http://shkolaprazdnika.ru/podarok-na-den-rozhdeniya/chto-podarit-na-30-let-devushke.html	0.0
168170	http://status-medal.com/	0.07
168170	http://status-medal.com/medal	0.14
168170	http://timesprint.ru/	0.0
168170	http://www.ac-studio.ru/e-shop/_all/	0.0
168170	http://www.alcodream.ru/productID/3393/&from=direct	0.0
168170	http://www.binbon.ru/category49/	0.07
168170	http://www.binbon.ru/good12343/	0.14
168170	http://www.day-podarok.ru/ProductBig.aspx?id=7426	0.0
168170	http://www.day-podarok.ru/ProductBig.aspx?id=7579	0.0
168170	http://www.dolina-podarkov.ru/page/page172.html	0.0
168170	http://www.dolina-podarkov.ru/page/page571.html	0.0
168170	http://www.dolina-podarkov.ru/page/page74.html	0.0
168170	http://www.every-day.ru/index.php?option=com_content&task=view&id=213&Itemid=99	0.0
168170	http://www.every-day.ru/index.php?option=com_content&task=view&id=260&Itemid=99	0.0
168170	http://www.forum-grad.ru/forum477/thread69750.html	0.0
168170	http://www.goldmedals.ru/medals/1315300449.html	0.07
168170	http://www.graverton.ru/home/medal.html	0.14
168170	http://www.idei-podarka.ru/collection/Medali/product/medal-s-yubileem-30-let	0.14
168170	http://www.idei-podarka.ru/product/%D0%9C%D0%B5%D0%B4%D0%B0%D0%BB%D1%8C-%D0%96%D0%B5%D0%BC%D1%87%D1%83%D0%B6%D0%BD%D0%B0%D1%8F-%D1%81%D0%B2%D0%B0%D0%B4%D1%8C%D0%B1%D0%B0-30-%D0%BB%D0%B5%D1%82	0.0
168170	http://www.kp.ru/daily/24292/486734/	0.07
168170	http://www.man-podarok.ru/ProductBig.aspx?id=7426	0.0
168170	http://www.man-podarok.ru/ProductBig.aspx?id=7579	0.0
168170	http://www.millionpodarkov.ru/chto/chto-mozhno-podarit-na-yubilej-30-let-zhene.htm	0.0
168170	http://www.nagradimvseh.ru/site/8	0.0
168170	http://www.odarim.ru/Gifts_for_men/	0.0
168170	http://www.odarim.ru/gift_30/	0.0
168170	http://www.suvenirvip.ru/podarochnye-medali-ordena	0.14
168170	http://www.telegraf-spb.ru/category/podarochnye-ordena-i-medali/	0.0
168170	http://www.telegraf-spb.ru/product/medal-s-jubileem-30-let/	0.0
168170	http://www.telegraf-spb.ru/product/medal-s-jubileem-60-let/	0.0
168170	http://www.tvoyportret.ru/directory/products_and_services/products.php	0.0
168170	http://www.u-be.ru/ub_30_present/ub_30_present.html	0.0
168170	http://xn----7sbbg3ahcke7cbfhv3cl6d.xn--p1ai/product/medal-s-jubileem-50-let/	0.0
176370	http://13.21422s01.edusite.ru/DswMedia/dal_tolkovyj_slovar_jivogo_velikorusskogo_yazyka.txt	0.0
176370	http://avega.net.ua/knigi/maksimov_s/maksimov_s_kul_hleba_i_ego_pohozhdeniya.html	0.0
176370	http://barabin.h16.ru/istoria/byt_say.shtml	0.07
176370	http://cveti.clan.su/forum/3-520-1	0.0
176370	http://das97.beon.ru/	0.0
176370	http://dic.academic.ru/dic.nsf/brokgauz_efron/54701/%D0%9A%D0%BE%D0%BD%D0%BE%D0%BF%D0%BB%D1%8F	0.0
176370	http://dic.academic.ru/dic.nsf/dahl_proverbs/32284/%D0%A0%D0%BE%D0%B6%D1%8C	0.07
176370	http://doshkolnik.ru/index/105-zaniatia/5405-den-druzbi-narodov-povolzhia.html	0.07
176370	http://doshkolnik.ru/zaniatia-s-detmi/5405-den-druzbi-narodov-povolzhia.html	0.0
176370	http://dragoman.in.ua/mirrastenijiv_zk.html	0.0
176370	http://ezoterik.org/sonnic.php?as=	0.0
176370	http://fatyanow.narod.ru/song.htm	0.0
176370	http://festival.1september.ru/articles/590757/	0.0
176370	http://fictionbook.ru/author/litagent_centrpoligraf/na_vsyakogo_mudreca_dovolno_prostotyi_ru/read_online.html?page=1	0.0
176370	http://junona.org/modules.php?link=d09fd188d0b5d0bdd0b8d186d0b0&name=Sonnic&pa=word&page=2	0.0
176370	http://junona.org/modules.php?name=Sonnic&pa=word&link=d09fd188d0b5d0bdd0b8d186d0b0	0.0
176370	http://kotenok11111.beon.ru/8998-043-pomogite-sdelat-domashnee-zadanie-po-russkomu-jazyku.zhtml	0.0
176370	http://krotov.info/lib_sec/13_m/mil/ov_04.htm	0.0
176370	http://lib.ru/POEZIQ/burns.txt	0.0
176370	http://lib.rus.ec/b/212775/read	0.0
176370	http://mglin-krai.narod.ru/Imena/Dudickii-Lishin.htm	0.0
176370	http://millionstatusov.ru/poslovitsi/cat/horosho-i-ploho/page-3.html	0.0
176370	http://my.mail.ru/mail/ivan-77_77	0.0
176370	http://npg-belovodie.ru/content/blogcategory/1/30/	0.0
176370	http://nsc.1september.ru/articlef.php?ID=200301609	0.0
176370	http://nsportal.ru/nachalnaya-shkola/okruzhayushchii-mir/urok-okruzhayushchego-mira-v-4-klasse	0.0
176370	http://otvet.mail.ru/question/12106574	0.0
176370	http://otvet.mail.ru/question/73988163	0.14
176370	http://poslov.ru/?page_id=511	0.0
176370	http://poslovitsa.yaxy.ru/neo/index_110.html	0.0
176370	http://pribautka.ru/proverb/v.html	0.07
176370	http://rastenye-msk.ru/e2.htm	0.0
176370	http://ru.wikipedia.org/wiki/%D0%9F%D1%88%D0%B5%D0%BD%D0%B8%D1%86%D0%B0	0.0
176370	http://schools.keldysh.ru/school1413/praz/praz.htm	0.0
176370	http://sites.google.com/site/rusinterproverbs/home/germania/russko-nemeckie/rabota-veselit-serdce-celoveka	0.07
176370	http://uznayslovo.ru/sarticles.php?id_theme=1090	0.0
176370	http://www.abc-people.com/phenomenons/dreams/dream-p.htm	0.0
176370	http://www.arira.ru/poslovitsy-i-pogovorki-r.htm	0.0
176370	http://www.deutsch-uni.com.ru/redewendung/freundschaft.php	0.07
176370	http://www.gumer.info/bibliotek_Buks/History/milov/01.php	0.0
176370	http://www.langinfo.ru/index.php?sect_id=2166	0.07
176370	http://www.ocnt.isu.ru/sborniki/SB200034/obr.htm	0.0
176370	http://www.poskart.ru/dobrij-prigoditsa.html	0.07
176370	http://www.proshkolu.ru/user/mart4910natali/blog/35962/	0.0
176370	http://www.rodon.org/dvi/prn0.htm	0.0
176370	http://www.skeptik.net/pseudo/renyxa2.htm	0.0
176370	http://www.sunhome.ru/dreams/3%EF%E0%F0%ED%E8++%F1%ED%E5	0.0
176370	http://www.varagy.ru/kalendar/juny.htm	0.0
176370	http://www.velesova-sloboda.org/heath/russian-sayings.html	0.0
176370	http://www.wikiznanie.ru/ru-wz/index.php/%D0%9F%D1%88%D0%B5%D0%BD%D0%B8%D1%86%D0%B0	0.0
176370	http://www.x-vim.info/s_9e7930c67b.html	0.0
176370	http://www.zoougolok.com/readarticle.php?article_id=26	0.0
176370	http://znanija.com/task/530417	0.14
176370	http://znanija.com/task/67418	0.0
176370	https://lurkmore.to/%D0%90%D0%B2%D0%B5%D1%80%D1%87%D0%B5%D0%BD%D0%BA%D0%BE	0.0
192007	http://afga.ru/?p=466	0.0
192007	http://alldocument.ru/2009-04-02-21-37-49/378-all.html	0.0
192007	http://blog.cblpbl.ru/milk/search_a4b6b32cf6d51cc4e413ff03d4193b35.html	0.0
192007	http://duwbrbkeel.tk/doljnostnaya-instrukciya-glavnogo-tehnologa-molochnogo-proizvodstva.html	0.0
192007	http://npoopebl.tripod.com/14.html	0.0
192007	http://otd-lab.ru/documents/dolzhnostnye-instruktsii/dolzhnostnaya-instruktsiya-tekhnologa	0.0
192007	http://qxjerwh.tk/doljnostnaya-instrukciya-glavnogo-tehnologa-molochnogo-proizvodstva.html	0.0
192007	http://rid.by/publ/dolzhnostnye_instrukcii/dolzhnostnaja_instrukcija_glavnogo_tekhnologa/1-1-0-109	0.0
192007	http://searchesspace.ru.com/r/instrukciya-glavnogo-tehnologa-molochnogo-proizvodstva-ff	0.0
192007	http://truddoc.narod.ru/di/11/21.html	0.0
192007	http://www.aup.ru/docs/di/049.htm	0.0
192007	http://www.aup.ru/docs/di/1121.htm	0.0
192007	http://www.borovik.com/index_i.php?Gins=12	0.0
192007	http://www.bsconsulting.kiev.ua/library/reglamentiruyuschie_dokumenti/reglamentiruyuschaya_documentaciya.htm	0.0
192007	http://www.careerjet.ru/rabota-jobs-%D1%82%D0%B5%D1%85%D0%BD%D0%BE%D0%BB%D0%BE%D0%B3-%D0%BC%D0%BE%D0%BB%D0%BE%D1%87%D0%BD%D0%BE%D0%B3%D0%BE-%D0%BF%D1%80%D0%BE%D0%B8%D0%B7%D0%B2%D0%BE%D0%B4%D1%81%D1%82%D0%B2%D0%B0.html	0.0
192007	http://www.codexland.ru/docs/doljin.htm	0.0
192007	http://www.d-instrukciya.ru/technicheskaya-sluzhba/dolzhnostnaya-instruktsiya-glavnogo-technologa-organizatsii-predpriyatiya	0.0
192007	http://www.intalev.ru/jd/engineers/id_1390/	0.0
192007	http://www.jobs.ua/job_description/view/183/	0.0
192007	http://www.kadrovik-praktik.ru/PAKETKADROVIKA/ObrDokPK/DI.php	0.0
192007	http://www.ot003.ru/?an=arxdoc	0.0
192007	http://www.pitportal.ru/samples_docs/instructions/5514.html	0.0
192007	http://www.rabota-102.ru/dolzhnostnye_instrukcii.php?di=13	0.0
192007	http://www.rabotka.ru/job_description/49.php	0.0
192007	http://www.rabotka.ru/job_description/57.php	0.07
192007	http://www.razmut.ru/index.php/4ita4i/5-rabota/118-tehnik-tehnolog-inzhener-molochnoj-promyshlennosti-vakansii-dolzhnostnaja-instrukcija-objazannosti	0.14
192007	http://www.razmut.ru/index.php/instrykcija/118-tehnik-tehnolog-inzhener-molochnoj-promyshlennosti-vakansii-dolzhnostnaja-instrukcija-objazannosti	0.14
192007	http://www.simplyhired.ru/a/jobs/list/q-%D1%82%D0%B5%D1%85%D0%BD%D0%BE%D0%BB%D0%BE%D0%B3+%D0%BC%D0%BE%D0%BB%D0%BE%D1%87%D0%BD%D0%BE%D0%B3%D0%BE+%D0%BF%D1%80%D0%BE%D0%B8%D0%B7%D0%B2%D0%BE%D0%B4%D1%81%D1%82%D0%B2%D0%B0	0.0
192007	http://www.stroyplan.ru/docs.php?showitem=11084	0.0
192007	http://www.superjob.ru/resume/cv-7280845.html	0.0
192007	http://www.uwufyw.newmail.ru/facs47.html	0.0
192007	http://www.vashakomanda.ru/18.htm	0.0
20860	http://asaratov.livejournal.com/1149053.html	0.07
20860	http://chinte.livejournal.com/	0.14
20860	http://chinte.livejournal.com/3590.html	0.14
20860	http://crossword.metromir.ru/14562	0.14
20860	http://dictionaries.rin.ru/cgi-bin/see?word=%EB%EE%ED%E5&sel=word	0.14
20860	http://egypt-mythology.pp.ua/	0.14
20860	http://enc.mail.ru/article/list?letter1=%CC&letter2=%E5&encycl_id=mif&page=4&start_page=1	0.14
20860	http://enc.mail.ru/article?1900042424	0.14
20860	http://enneada.ucoz.ru/forum/9-23-1	0.14
20860	http://forum.33bru.com/viewtopic.php?p=260939617	0.14
20860	http://forum.newethnic.ru/index.php?&act=ST&f=27&t=556	0.41
20860	http://forum.newethnic.ru/index.php?showtopic=556	0.41
20860	http://gelwedd.narod.ru/cat/catgods_egypt.htm	0.14
20860	http://godsbay.ru/egypt/egypt_goddesses.html	0.14
20860	http://godsbay.ru/egypt/noon.html	0.07
20860	http://hotdog.mail.ru/encycl?&q=%E5%E3%E8%EF%E5%F2%F1%EA%EE%E9+%EC%E8%F4%EE%EB%EE%E3%E8%E5%E9&sf=60	0.14
20860	http://ircns.ru/CIVIL/Egipt/bogi.html	0.14
20860	http://ja-boginja.mylivepage.ru/page/%D0%96%D0%B5%D0%BD%D1%89%D0%B8%D0%BD%D1%8B	0.14
20860	http://kotostudio.ru/names/egypt.html	0.14
20860	http://loopy.ru/?def=%D0%B2+%D0%B5%D0%B3%D0%B8%D0%BF%D0%B5%D1%82%D1%81%D0%BA%D0%BE%D0%B9+%D0%BC%D0%B8%D1%84%D0%BE%D0%BB%D0%BE%D0%B3%D0%B8%D0%B8+%D0%B1%D0%BE%D0%B3%D0%B8%D0%BD%D1%8F+%D0%BB%D1%8C%D0%B2%D0%B8%D1%86%D0%B0	0.0
20860	http://loopy.ru/?def=%D0%B2+%D0%B5%D0%B3%D0%B8%D0%BF%D0%B5%D1%82%D1%81%D0%BA%D0%BE%D0%B9+%D0%BC%D0%B8%D1%84%D0%BE%D0%BB%D0%BE%D0%B3%D0%B8%D0%B8+%D0%B1%D0%BE%D0%B3%D0%B8%D0%BD%D1%8F-%D0%BB%D1%8C%D0%B2%D0%B8%D1%86%D0%B0	0.14
20860	http://loopy.ru/?word=******&def=%D0%B2+%D0%B5%D0%B3%D0%B8%D0%BF%D0%B5%D1%82%D1%81%D0%BA%D0%BE%D0%B9+%D0%BC%D0%B8%D1%84%D0%BE%D0%BB%D0%BE%D0%B3%D0%B8%D0%B8+%D0%B1%D0%BE%D0%B3%D0%B8%D0%BD%D1%8F-%D0%BB%D1%8C%D0%B2%D0%B8%D1%86%D0%B0	0.0
20860	http://mirslovarei.com/content_bes/Mentor-37709.html	0.0
20860	http://mithology.ru/Inmutef.html	0.14
20860	http://morgana.wen.ru/mif/egipet/sehmet.html	0.07
20860	http://myfhology.info/gods/egipt/shesemtet.html	0.14
20860	http://oldegypt.info/topic-143-9.html	0.14
20860	http://oldegypt.info/topic-jump-143-15-1.html	0.14
20860	http://olipi.com/38508/MATIT.html	0.14
20860	http://privatelife.ucoz.ru/news/2006-11-24-31	0.14
20860	http://ru.wikipedia.org/wiki/%D1%EF%E8%F1%EE%EA_%E5%E3%E8%EF%E5%F2%F1%EA%E8%F5_%E1%EE%E3%EE%E2	0.14
20860	http://search.enc.mail.ru/encycl?&q=%E5%E3%E8%EF%E5%F2%F1%EA%EE%E9+%EC%E8%F4%EE%EB%EE%E3%E8%E5%E9&sf=70	0.14
20860	http://tarranova.lib.ru/authors/b/bondarev/zo.htm	0.14
20860	http://webenciclopedia.ru/bes/14/60984.html	0.14
20860	http://woman.upelsinka.com/gallery/paht.htm	0.14
20860	http://www.adukraine.com/original	0.0
20860	http://www.besed.ru/cgi-bin/view_arh.pl?f=02600.out&p=34	0.14
20860	http://www.besed.ru/html/2005/2005-04-06.html	0.14
20860	http://www.bs41.mnogosmenka.ru/bs410869/bs410876.htm	0.14
20860	http://www.bs42.mnogosmenka.ru/bs420807/bs420830.htm	0.14
20860	http://www.bs43.mnogosmenka.ru/bs430342/bs430360.htm	0.14
20860	http://www.diclib.com/cgi-bin/d1.cgi?l=ru&base=modern_encycl&page=showid&id=34300	0.14
20860	http://www.faet.ru/iceberg.asp?ob_no=604&tmpl=frag&f_no=2849&pg=3	0.14
20860	http://www.faet.ru/iceberg.asp?ob_no=604&tmpl=frag&f_no=2849&pg=5	0.14
20860	http://www.faet.ru/iceberg.asp?ob_no=933&tmpl=frag&sub_no=&f_no=2849&pg=3	0.14
20860	http://www.galatreya.ru/planet/legends/egipet/	0.14
20860	http://www.gellett.narod.ru/bogiegipta.html	0.14
20860	http://www.ialon.de/themenreihe.p?c=%D0%95%D0%B3%D0%B8%D0%BF%D0%B5%D1%82%D1%81%D0%BA%D0%B0%D1%8F%20%D0%BC%D0%B8%D1%84%D0%BE%D0%BB%D0%BE%D0%B3%D0%B8%D1%8F	0.0
20860	http://www.km.ru/?data=6.8.2002	0.07
20860	http://www.krossw.ru/html2/4/m/ment.shtml	0.14
20860	http://www.lah.ru/konspekt/mif/32zodiak.htm	0.14
20860	http://www.liveinternet.ru/users/1961511/post111022123/	0.14
20860	http://www.longsoft.ru/cgi-bin/erd_view.pl?f_f=4&f_p=2&f_a=8&f_c=148	0.0
20860	http://www.megabook.ru/Rubricator.asp?RNode=3900&SLMode=1&RPage=3	0.14
20860	http://www.mifinarodov.com/e/egipetskaya-mifologiya.html	0.14
20860	http://www.speakrus.ru/08/f816.htm	0.14
20860	http://www.strelna.ru/ru/comments/encyclopedia/298299.htm	0.14
20860	http://www.violakey.ru/Geography/Egipet.html	0.14
21070	http://charm.net.ua/?frommenu=1&text=a_2024476	0.0
21070	http://dic.academic.ru/dic.nsf/ruwiki/341965	0.14
21070	http://elib.org.ua/economics/ua_readme.php?subaction=showfull&id=1103635706&archive=&start_from=&ucat=17&	0.14
21070	http://gallery.economicus.ru/cgi-ise/gallery/frame_rightn.pl?type=school&links=./school/firm/lectures/firm_l2.txt&name=firm&img=lecture.jpg	0.14
21070	http://gallery.economicus.ru/cgi-ise/gallery/frame_rightn.pl?type=school&links=./school/welfare/lectures/weal_l2.txt&name=welfare&img=lectures.jpg	0.07
21070	http://geum.ru/book/docum156.htm	0.14
21070	http://geum.ru/book/docum164.htm	0.07
21070	http://institutiones.com/theories/221-2008-06-17-11-34-22.html	0.07
21070	http://irbis.econ.pu.ru/cgi-bin/irbis64r_62/cgiirbis_64.exe?C21COM=S&I21DBN=IBIS&P21DBN=IBIS&S21FMT=fullw&S21ALL=(%3C.%3EA%3DTHEOCHARIS$%3C.%3E%2B%3C.%3EA%3DREGHINOS$%3C.%3E)&Z21ID=&S21SRW=GOD&S21SRD=&S21STN=1&S21REF=10&S21CNR=20	0.0
21070	http://kornienko.donpac.ru/15-9.html	0.0
21070	http://new.hse.ru/sites/infospace/podrazd/facul/facul_econ/kregionecon/DocLib3/RegEconomKarachurina.DOC	0.0
21070	http://otherreferats.allbest.ru/geography/00023797_0.html	0.14
21070	http://planetadisser.com/work/work_67605.html	0.0
21070	http://polbu.ru/gavrilov_reconomy	0.0
21070	http://polbu.ru/gavrilov_reconomy/ch14_i.html	0.0
21070	http://prompter.ru/zakaz/glava_3__teorii_razmescheniya_regional%27nogo_proizvodstva.htm	0.14
21070	http://ru.wikipedia.org/wiki/%CB%E0%F3%ED%F5%E0%F0%E4%F2%2C_%C2%E8%EB%FC%E3%E5%EB%FC%EC	0.07
21070	http://ru.wikipedia.org/wiki/%D0%9B%D0%B0%D1%83%D0%BD%D1%85%D0%B0%D1%80%D0%B4%D1%82	0.07
21070	http://ru.wikipedia.org/wiki/%D0%9B%D0%B0%D1%83%D0%BD%D1%85%D0%B0%D1%80%D0%B4%D1%82,_%D0%92%D0%B8%D0%BB%D1%8C%D0%B3%D0%B5%D0%BB%D1%8C%D0%BC	0.07
21070	http://sbiblio.com/BIBLIO/archive/regionalnaja_ekonomika/02.aspx	0.14
21070	http://shpori-vsem.ru/politica/165-regioni.html?start=17	0.14
21070	http://uchebnik-besplatno.com/natsionalnaya-ekonomika-uchebnik/ratsionalnyiy-shtandort-promyishlennogo.html	0.14
21070	http://vak.ed.gov.ru/common/img/uploaded/files/vak/announcements/economich/ProkopaloOM.doc	0.0
21070	http://vasilievaa.narod.ru/Uch_prc/NGU/Pavlovo/Reg_ek/programReg_ek.htm	0.0
21070	http://vasilievaa.narod.ru/ru/stat_rab/book/Reg_ek_upr_Gavrilov/4-26.aspx.htm	0.07
21070	http://vasilievaa.narod.ru/ru/stat_rab/book/Reg_ek_upr_Gavrilov/5-25.aspx.htm	0.0
21070	http://vtit.kuzstu.ru/books/shelf/book7/doc/chapter_1.html	0.07
21070	http://wiki-linki.ru/Citates/741200	0.07
21070	http://window.edu.ru/window_catalog/pdf2txt?p_id=28364	0.0
21070	http://window.edu.ru/window_catalog/pdf2txt?p_id=28364&p_page=1	0.0
21070	http://www.coolreferat.com/%D0%A0%D0%B0%D1%86%D0%B8%D0%BE%D0%BD%D0%B0%D0%BB%D1%8C%D0%BD%D1%8B%D0%B9_%D1%88%D1%82%D0%B0%D0%BD%D0%B4%D0%B0%D1%80%D1%82_%D0%BF%D1%80%D0%BE%D0%BC%D1%8B%D1%88%D0%BB%D0%B5%D0%BD%D0%BD%D0%BE%D0%B3%D0%BE_%D0%BF%D1%80%D0%B5%D0%B4%D0%BF%D1%80%D0%B8%D1%8F%D1%82%D0%B8%D1%8F_%D0%92._%D0%9B%D0%B0%D1%83%D0%BD%D1%85%D0%B0%D1%80%D0%B4%D1%82%D0%B0	0.14
21070	http://www.donstu.ru/aspirant_pr_080005-reg.shtml	0.0
21070	http://www.ecomanagement.org.ua/15	0.14
21070	http://www.economicus.ru/cgi-ise/gallery/frame_rightn.pl?type=school&links=./school/firm/lectures/firm_l2.txt&img=lectures.jpg&name=firm	0.07
21070	http://www.ek-lit.org/shum246.htm	0.14
21070	http://www.ek-lit.org/shum247.htm	0.07
21070	http://www.grandars.ru/shkola/geografiya/launhardt.html	0.14
21070	http://www.grandars.ru/shkola/geografiya/teoriya-tyunena.html	0.0
21070	http://www.humanities.edu.ru/db/msg/46664	0.0
21070	http://www.i-u.ru/biblio/archive/regionalnaja_ekonomika	0.0
21070	http://www.isea.ru/college/sc1files/ec-telenkova.doc	0.07
21070	http://www.mirrabot.com/work/work_67605.html	0.0
21070	http://www.nauka-shop.com/mod/shop/productID/33717	0.0
21070	http://www.nauka-shop.com/mod/shop/productID/34842	0.0
21070	http://www.plati.ru/asp/pay.asp?id_d=130583	0.0
21070	http://www.portalus.ru/modules/economics/readme.php?subaction=showfull&id=1103635706&archive=&start_from=&ucat=17&	0.14
21070	http://www.portalus.ru/modules/economics/rus_readme.php?subaction=showfull&id=1103635706&archive=&start_from=&ucat=17&	0.14
21070	http://www.portalus.ru/modules/economics/rus_readme.php?subaction=showfull&id=1103834033&archive=&start_from=&ucat=30&	0.0
21070	http://www.portalus.ru/modules/economics/rus_show_archives.php?subaction=showfull&id=1103635706&archive=1254315027&start_from=&ucat=17&	0.07
21070	http://www.regeco.com.ua/22.htm	0.0
21070	http://www.sseu.ru/netcat_files/Image/referat-Mokina.doc	0.0
21070	http://www.vak.org.by/index.php?go=Box&in=view&id=251	0.0
21070	http://www.vipstudent.ru/index.php?q=lib&r=25&id=1190891539&p=30	0.0
21070	http://www.vuithelp.ru/files/2147.html	0.0
21070	http://www.vuzlib.org/beta3/html/1/4055	0.07
21070	http://www.vuzlib.org/beta3/html/1/4055/4068	0.0
213932	http://5klass.net/geografija-6-klass.html	0.0
213932	http://5klass.net/geografija-6-klass/Geografija-6-klass-masshtab.html	0.0
213932	http://5klass.net/geografija-6-klass/Geografija-atmosfera/005-Atmosfernye-javlenija.html	0.07
213932	http://5klass.net/geografija-6-klass/Geografija-prirodnye-kompleksy.html	0.07
213932	http://biospace.nw.ru/evoeco/lit/armand-co5.htm	0.0
213932	http://collegy.ucoz.ru/publ/81-1-0-4388	0.0
213932	http://do.gendocs.ru/docs/index-46100.html	0.0
213932	http://do.gendocs.ru/docs/index-46432.html?page=16	0.14
213932	http://festival.1september.ru/articles/103021/	0.0
213932	http://festival.1september.ru/articles/582904/	0.0
213932	http://geographyofrussia.ru/atmosfera/	0.0
213932	http://geosfera.ucoz.org/publ/16-1-0-28	0.0
213932	http://guzvenag.ucoz.ru/Uroki6klass/konspekty_urokov_6_kl_dronov.doc	0.0
213932	http://jonius.cx0.ru/geografiy/geo6_p.php	0.0
213932	http://knowledge.allbest.ru/geography/2c0b65625a3bd68a4d43a89421306d37_0.html	0.07
213932	http://lib.rus.ec/b/353590/read	0.0
213932	http://mk.sosh-15mogilev.by/index.php?option=com_content&view=section&layout=blog&id=232&Itemid=325	0.0
213932	http://mrcpk.marsu.ru/works_iso/2007-03-28-potok_6/hazeevani/material/diplom.doc	0.0
213932	http://nsportal.ru/shkola/geografiya/library/stroenie-i-svoistva-geograficheskoi-obolochki-urok-v-7-klasse	0.0
213932	http://nsportal.ru/shkola/geografiya/library/tema-geograficheskaya-obolochka-prirodnye-kompleksy	0.07
213932	http://otherreferats.allbest.ru/geography/00076464_0.html	0.07
213932	http://otherreferats.allbest.ru/geography/00083377_0.html	0.0
213932	http://pedsovet.edu.ru/geogr/index2.html	0.0
213932	http://revolution.allbest.ru/geography/00229092_0.html	0.0
213932	http://rudocs.exdat.com/docs/index-225270.html?page=9	0.07
213932	http://rudocs.exdat.com/docs/index-288774.html	0.0
213932	http://shools-geograf.at.ua/publ/fizicheskaja_geografija/ehvoljucija_geograficheskoj_obolochki/ehvoljucija_geograficheskoj_obolochki/16-1-0-90	0.0
213932	http://www.0zd.ru/geografiya_i_ekonomicheskaya_geografiya/geograficheskaya_obolochka.html	0.0
213932	http://www.bestreferat.ru/referat-177259.html	0.07
213932	http://www.bibliofond.ru/view.aspx?id=436973	0.0
213932	http://www.gumer.info/bibliotek_Buks/Science/bond/10.php	0.07
213932	http://www.prosv.ru/ebooks/Nikolina_Geografia_6metod/1.html	0.0
213932	http://www.prosv.ru/ebooks/Nikolina_Geografia_6metod/11.html	0.0
213932	http://www.socio.msu.ru/l/library?e=d-000-00---001ucheb--00-0-0-0prompt-10---4------0-1l--1-ru-50---20-about---00031-001-1-0utfZz-8-00&a=d&cl=CL1&d=HASH433d253f3189300a4ffeda.10.4	0.0
213932	http://www.socio.msu.ru/l/library?e=d-000-00---001ucheb--00-0-0-0prompt-10---4------0-1l--1-ru-50---20-help---00031-001-1-0windowsZz-1251-00&cl=CL1&d=HASH433d253f3189300a4ffeda.10.4&x=1	0.0
213932	http://www.zadachi.org.ru/?n=81470	0.07
213932	http://xreferat.ru/18/1176-1-geograficheskaya-obolochka.html	0.0
221830	http://blog.7ya.ru/	0.14
221830	http://conf.7ya.ru/	0.14
221830	http://dic.academic.ru/dic.nsf/ruwiki/74182	0.14
221830	http://dic.academic.ru/dic.nsf/seksolog/738	0.14
221830	http://medkarta.com/?cat=article&id=18950	0.14
221830	http://moya-semya.ru/	0.14
221830	http://old.sema.ru/	0.0
221830	http://oper.ru/news/read.php?t=1051610408	0.0
221830	http://pushkin.niv.ru/pushkin/family/semya.htm	0.0
221830	http://referat.resurs.kz/ref/semya	0.14
221830	http://revolution.allbest.ru/sociology/00009582_0.html	0.14
221830	http://ru.wikipedia.org/wiki/%D0%91%D0%B5%D1%80%D0%B1%D0%B5%D1%80%D0%BE%D0%B2%D1%8B_(%D1%81%D0%B5%D0%BC%D1%8C%D1%8F)	0.0
221830	http://ru.wikipedia.org/wiki/%D0%9D%D1%83%D0%BA%D0%BB%D0%B5%D0%B0%D1%80%D0%BD%D0%B0%D1%8F_%D1%81%D0%B5%D0%BC%D1%8C%D1%8F	0.0
221830	http://ru.wikipedia.org/wiki/%D0%A1%D0%B5%D0%BC%D0%B5%D0%B9	0.0
221830	http://ru.wikipedia.org/wiki/%D0%A1%D0%B5%D0%BC%D1%8C%D1%8F	0.14
221830	http://ru.wikipedia.org/wiki/%D0%A1%D0%B5%D0%BC%D1%8C%D1%8F_%D0%A3%D0%BB%D1%8C%D1%8F%D0%BD%D0%BE%D0%B2%D1%8B%D1%85	0.0
221830	http://ru.wikipedia.org/wiki/%D1%E5%EC%FC%FF	0.14
221830	http://ru.wiktionary.org/wiki/%D1%81%D0%B5%D0%BC%D1%8C%D1%8F	0.14
221830	http://semya.kz/	0.07
221830	http://semyamall.ru/	0.0
221830	http://semyi.net/	0.14
221830	http://sociology2015.ru/index/0-85	0.14
221830	http://www.1obl.ru/news/proisshestviya/v-uvelskom-rajone-tretij-den-ishhut-telo-utoplennika-on-upal-s-gidrocikla-162222052012/	0.0
221830	http://www.7-ya.ru/	0.0
221830	http://www.7ya.ru/	0.14
221830	http://www.7ya.ru/contests/	0.07
221830	http://www.7ya.ru/family/	0.14
221830	http://www.7ya.ru/pregn/	0.07
221830	http://www.adme.ru/pack/sokam-moya-semya-sdelali-zverinuyu-upakovku-378755/	0.0
221830	http://www.aphorism.ru/511.shtml	0.14
221830	http://www.dostup1.ru/society/society_40398.html	0.0
221830	http://www.gbmt.ru/ru/kids/family.php	0.0
221830	http://www.innewfamily.ru/	0.14
221830	http://www.kinopoisk.ru/level/1/film/564859/	0.0
221830	http://www.kp.ru/online/news/1157444/	0.0
221830	http://www.litra.ru/composition/get/coid/00648141292331371226/	0.14
221830	http://www.moscowfamily.ru/	0.14
221830	http://www.ntv.ru/novosti/303901/	0.0
221830	http://www.ohome.ru/	0.14
221830	http://www.pravda.ru/society/family/pbringing/22-05-2012/1115741-family_values-0/	0.07
221830	http://www.prioslav.ru/refb43	0.14
221830	http://www.psiholog-ark.ru/index.php?option=com_content&view=article&id=57&Itemid=42	0.14
221830	http://www.r89.ru/novosti/806.php	0.07
221830	http://www.realisti.ru/main/family	0.14
221830	http://www.realove.ru/main/family	0.14
221830	http://www.semashow.com/	0.0
221830	http://www.semya.ru/	0.07
221830	http://www.studzona.com/referats/view/18660	0.14
221830	http://www.ubrus.org/dictionary-units/?id=128337	0.14
221830	http://www.wild-mistress.ru/wm/wm.nsf/husband/	0.14
221830	http://www.xserver.ru/user/famil/	0.14
242953	http://816-club.ru/stixi_pro_novij_god_dlja_detej.html	0.14
242953	http://adalin.mospsy.ru/l_03_00/l_03_04l.shtml	0.14
242953	http://adalin.mospsy.ru/ny/main.shtml	0.07
242953	http://allforchildren.ru/poetry/index_newyear.php	0.14
242953	http://chudesenka.ru/publ/32-1-0-222	0.14
242953	http://chudetstvo.ru/otkrytki-goroskopy/540-stixi-pro-novyj-god-dlya-detej.html	0.14
242953	http://detkam.e-papa.ru/stihi/7/	0.14
242953	http://detskijsadik.ru/stihi_pro_novyj_god_-_2.html	0.14
242953	http://lad-lad.ru/stihi/stihi-po-temam/471-stihi-pro-novyj-god.html	0.14
242953	http://littlhuman.ru/489/	0.14
242953	http://mamo4kam.ru/biblioteka/stishki/8-stixi-pro-newyear.htm	0.14
242953	http://prosto-deti.ru/index/stikhi_pro_novyj_god_dlja_detej/0-480	0.14
242953	http://selena771.narod.ru/Detskie/Novogodnie-2007_12.html	0.14
242953	http://strana-sovetov.com/kids/common/708-new-year-poetry	0.14
242953	http://www.chudopredki.ru/1211-novogodnie-stikhi-dlja-detejj.html	0.14
242953	http://www.chudopredki.ru/1213-stikhi-dlja-detejj-pro-novyjj-god.html	0.14
242953	http://www.debotaniki.ru/2011/12/stihi-pro-novyiy-god/	0.14
242953	http://www.ejik-topotushka.ru/page/new_year.html	0.14
242953	http://www.materinstvo.ru/art/1804/	0.14
242953	http://www.moi-detki.ru/detyam/detskie_stihi/155-detskie_stihi_pro_novyy_god.html	0.14
242953	http://www.pozdravleniya.biz/stihi/detskie/	0.14
242953	http://www.razumniki.ru/stihi_novuy_god.html	0.14
242953	http://www.solnet.ee/sol/001/s_000.html	0.07
242953	http://www.stihi-rus.ru/deti/	0.07
242953	http://www.stihi-rus.ru/deti/2007.htm	0.14
242953	http://www.tarologiay.ru/?p=1510	0.14
242953	http://www.u-mama.ru/read/article.php?id=1915	0.14
253476	http://fotki.yandex.ru/users/val-fedore/view/305419?page=0	0.07
253476	http://info-lipetsk.com/nasekomye/brazhnik-mertvaja-golova.html	0.14
253476	http://insects.ucoz.ru/photo/nasekomye/nasekomye/brazhnik/3-0-237	0.14
253476	http://jtdigest.narod.ru/dig2_01/brag.htm	0.07
253476	http://macrobloger.com/macro/brazhnik-topolyovyj-laothoe-populi.html	0.14
253476	http://nasekomie.ucoz.com/index/brazhniki/0-33	0.14
253476	http://ru.wikipedia.org/wiki/%C1%F0%E0%E6%ED%E8%EA%E8	0.14
253476	http://ru.wikipedia.org/wiki/%D0%91%D1%80%D0%B0%D0%B6%D0%BD%D0%B8%D0%BA%D0%B8	0.14
253476	http://ru.wikipedia.org/wiki/%D0%91%D1%80%D0%B0%D0%B6%D0%BD%D0%B8%D0%BA_%D0%BC%D0%BE%D0%BB%D0%BE%D1%87%D0%B0%D0%B9%D0%BD%D1%8B%D0%B9	0.14
253476	http://ru.wikipedia.org/wiki/Acherontia_atropos	0.14
253476	http://sfw.so/1148883038-kolibri-mira-nasekomyx-brazhnik-xobotnik-ili.html	0.14
253476	http://travnick.org/brazhniki/	0.14
253476	http://vitusltd.ru/vidy_nasekomye.html	0.07
253476	http://www.butterflyflutter.ru/statii/2-brajnik-mertvaya-golova.html	0.14
253476	http://www.ecocoop.ru/save_nature/they_live/brazhniki/	0.14
253476	http://www.floranimal.ru/families/3175.html	0.14
253476	http://www.kamchatsky-krai.ru/red_book_kamchatka/nasekomyje/04_braznik_podmarennik_1.htm	0.14
253476	http://www.theanimalworld.ru/insect/brazhnik_gashkevicha.html	0.14
253476	http://www.theanimalworld.ru/insect/brazhnik_podmarennikovyj.html	0.14
253476	http://www.youtube.com/watch?v=1hoRQFojO5U	0.07
253476	http://www.zooclub.ru/chlen/nasek/212.shtml	0.14
253476	http://zhivnost.at.ua/publ/40-1-0-665	0.14
253476	http://zooex.baikal.ru/butterfly/sphingidae.htm	0.14
295761	http://base.google.com/intl/ru/help/faq_translation.html	0.41
295761	http://books.google.com/help/faq_translation.html	0.41
295761	http://groups.google.com/help/faq_translation.html	0.41
295761	http://images.google.com/help/faq_translation.html	0.07
295761	http://itunes.apple.com/ru/app/id414706506?mt=8	0.07
295761	http://ru.wikipedia.org/wiki/Google_%CF%E5%F0%E5%E2%EE%E4%F7%E8%EA	0.14
295761	http://ru.wikipedia.org/wiki/Google_%D0%9F%D0%B5%D1%80%D0%B5%D0%B2%D0%BE%D0%B4%D1%87%D0%B8%D0%BA	0.14
295761	http://translate.google.com/	0.61
295761	http://translate.google.com/?hl=ru	0.61
295761	http://translate.google.ru/	0.61
295761	http://www.bestfree.ru/soft/obraz/google-translator.php	0.07
295761	http://www.dicter.ru/	0.07
295761	http://www.google.com/help/faq_translation.html	0.41
295761	http://www.google.com/ig/directory?synd=toolbar&cat=tools	0.07
295761	http://www.google.com/toolbar/ff/	0.0
295761	http://www.google.com/translate?u=http	0.0
295761	http://www.google.ru/	0.0
295761	http://www.google.ru/help/faq_translation.html	0.41
295761	http://www.goraya.ru/query/%E3%F3%E3%EB+%EF%E5%F0%E5%E2%EE%E4%F7%E8%EA/	0.0
295761	http://www.perevodslov.ru/google.html	0.07
295761	http://www.prof-translate.ru/	0.07
295761	http://www.youtube.com/watch?v=KSNEXR9kOWs	0.14
295761	http://www.youtube.com/watch?v=xWtam27ltNE	0.07
295761	http://xn--b1abafdaxqd7ahn8a6d.xn--p1ai/	0.0
295761	https://addons.mozilla.org/ru/firefox/addon/google-translator-for-firefox/	0.14
295761	https://itunes.apple.com/ru/app/id414706506?mt=8	0.07
295761	https://play.google.com/store/apps/details?hl=ru&id=com.google.android.apps.translate	0.14
346214	http://ahrb.ru/?p=1152	0.0
346214	http://eva.ru/kids/messages-2356679.htm	0.0
346214	http://eva.ru/pregnancy/messages-2246735.htm	0.0
346214	http://gkb21.info/	0.0
346214	http://gkb21.info/main/	0.0
346214	http://gkb21.info/onas/	0.0
346214	http://gkb21.info/stuctur/	0.0
346214	http://gurakafova.blogspot.com/2012/10/21.html	0.0
346214	http://kharkov.likengo.com/rubric/full/id/184106078	0.0
346214	http://m.probirka.org/forum/viewtopic.php?f=91&t=11726&hilit=%D0%BA%D0%B0%D1%80%D0%B8%D0%BE%D1%82%D0%B8%D0%BF&start=3395	0.0
346214	http://m.probirka.org/forum/viewtopic.php?f=91&t=34192&start=455	0.0
346214	http://mamadetiufa.ru/question	0.0
346214	http://mrtvufe.ru/	0.0
346214	http://mzrb.bashmed.ru/index.php?option=com_content&task=view&id=2072&Itemid=45	0.0
346214	http://odoktore.com/category/rossiya/ufa/bolnicy-ufa	0.0
346214	http://odoktore.com/ufa-gorodskaya-klinicheskaya-bolnica-21.html	0.0
346214	http://rb7.ru/catalog/organization/gorodskaya_bolnitsa_skoroi_meditsinskoi_pomoshchi_%E2%84%96_22_ufa	0.0
346214	http://rb7.ru/catalog/organization/respublikanskaya_klinicheskaya_bolnitsa_im_g_g_kuvatova_rkb_ufa	0.0
346214	http://rb7.ru/node/8529200	0.0
346214	http://sprosidoktora.ru/go/3279/	0.0
346214	http://ufa-region.ru/firmy-ufa/gorodskaya-klinicheskaya-bolxnica_21.html	0.0
346214	http://ufa.all-gorod.ru/company/565008	0.0
346214	http://ufa.all-gorod.ru/company/565620	0.0
346214	http://ufa.tulp.ru/sanitarno-epidemiologicheskie-sluzhby-epidemstants/gorodskaya-klinicheskaya-bolnitsa-21	0.0
346214	http://ufa1.ru/firms/s_229/s_244/	0.0
346214	http://ufacity.info/forum/forum20/topic1941/message9897/	0.07
346214	http://ufacity.info/forum/user/14125/post/all/	0.0
346214	http://vk.com/id20932111	0.0
346214	http://vrach-ufa.ru/forum/profilaktika-i-lechenie-zabolevanii-5/7/plasticheskii-hirurg-63/	0.0
346214	http://vrach-ufa.ru/kliniki/gorodskie-bolnitsyi-5/gorodskaya-klinicheskaya-bolnitsa-21-15/	0.0
346214	http://www.allufa.ru/archives/20404	0.0
346214	http://www.baby.ru/community/172789/	0.0
346214	http://www.gidufa.ru/rubric/firm/id/2077/	0.0
346214	http://www.gkb18.ru/kdl.html	0.0
346214	http://www.gkb18.ru/skype.html	0.0
346214	http://www.gorobzor.ru/spravka?group=2393074172963262	0.0
346214	http://www.infomama.ru/forum/messages/forum2/topic5742/message146333/	0.0
346214	http://www.infomama.ru/forum/messages/forum43/topic2015/message52039/	0.07
346214	http://www.med-otzyv.ru/kliniks/86-respublika-bashkortostan/13423-gorodskaya-klinicheskaya-bolnica-8	0.0
346214	http://www.medpoisk.ru/click.php?id=4312	0.0
346214	http://www.medpoisk.ru/hosp/hospital_view.php?id=4312	0.0
346214	http://www.medspravkaufa.ru/communication/forum/index.php?PAGE_NAME=read&FID=3&TID=267	0.0
346214	http://www.medufa.ru/faq/?action=list&category=7&start=2082	0.0
346214	http://www.pregnancycalendar.ru/biblioteka/vse_o_beremennosti/hgch/	0.0
346214	http://www.ria-bashkiria.com/news/4603.html	0.0
346214	http://www.ufamama.ru/forum/messages.aspx?TopicID=13077&lastpage=1&MessageID=4266502	0.0
346214	http://www.ufamama.ru/forum/messages.aspx?TopicID=13077&lastpage=1&MessageID=4266522	0.0
346214	http://www.ufamama.ru/forum/messages.aspx?topicid=13077&messageid=4266522&Page=2	0.07
346214	http://xn--80avnr.xn--p1ai/%D1%83%D1%84%D0%B0/%D0%9B%D0%B0%D0%B1%D0%BE%D1%80%D0%B0%D1%82%D0%BE%D1%80%D0%B8%D1%8F	0.14
347852	http://cons66.ru/	0.0
347852	http://editor.ural-soft.info/?message=1	0.0
347852	http://editor.ural-soft.ru/?message=1	0.0
347852	http://editor.ural-soft.ru/?message=4	0.0
347852	http://govnosoft.net/tags/UralSOFT/	0.07
347852	http://mysitecost.ru/ural-soft.ru	0.07
347852	http://nnm-club.ru/forum/viewtopic.php?t=283617	0.07
347852	http://postelka66.ru/	0.0
347852	http://pr-cy.ru/a/ural-soft.ru	0.07
347852	http://rutracker.org/forum/viewtopic.php?t=4011987	0.07
347852	http://shop.ural-soft.info/	0.0
347852	http://soft.akado-ural.ru/	0.0
347852	http://soft.akado.ru/vendor/vendor/id/857	0.07
347852	http://soft4ural.ru/	0.0
347852	http://torrent-windows.net/windows/windows_8/10896-windows-8-x86-professional-uralsoft-v103-2012-russkiy.html	0.07
347852	http://torrent-windows.net/windows/windows_8/11134-windows-8-x86-professional-uralsoft-v105-2012-russkiy.html	0.07
347852	http://torrent-windows.net/windows/windows_8/11623-windows-8-x86-professional-uralsoft-office2013-v111-2012-russkiy.html	0.07
347852	http://ur66.ru/	0.14
347852	http://uralsoft.net/	0.41
347852	http://uralsoft.net/?paged=2	0.14
347852	http://uralsoft.net/?paged=3	0.14
347852	http://uralsoft.ru/	0.14
347852	http://uralsoft.ucoz.net/	0.07
347852	http://uraltrack.net/	0.14
347852	http://www.cmsmagazine.ru/creators/ural-soft/	0.07
347852	http://www.ratingruneta.ru/ural-soft/	0.07
347852	http://www.torrentino.com/torrents/586046	0.07
347852	http://www.torrentino.com/torrents/872617	0.07
347852	http://www.uralsoft.com/	0.0
347852	http://www.wdeeg.org/studios/info/735/	0.07
347852	http://zaika-moya.ru/	0.0
35618	http://bse.sci-lib.com/article078480.html	0.07
35618	http://dic.academic.ru/dic.nsf/bse/110952/%D0%9C%D0%BE%D1%81%D0%BA%D0%BE%D0%B2%D1%81%D0%BA%D0%B8%D0%B9	0.14
35618	http://dic.academic.ru/dic.nsf/bse/87058/%D0%96%D0%B5%D0%BB%D0%B5%D0%B7%D0%BD%D0%BE%D0%B4%D0%BE%D1%80%D0%BE%D0%B6%D0%BD%D0%BE%D0%B3%D0%BE	0.07
35618	http://moskva.trud.com/cvs/inzhener-energetik/	0.0
35618	http://msk.rabotavgorode.ru/Resumes/DownloadWord.ashx?ResumeID=170033	0.0
35618	http://rabota.mail.ru/vacancy/1655622	0.0
35618	http://rabota.yandex.ru/search.xml/?company_id=519635207&rid=213&text=%D0%B8%D0%BD%D0%B6%D0%B5%D0%BD%D0%B5%D1%80	0.0
35618	http://rabota.yandex.ru/search.xml/?job_industry=310&rid=213&text=%D0%B8%D0%BD%D0%B6%D0%B5%D0%BD%D0%B5%D1%80	0.0
35618	http://ru.wikipedia.org/wiki/%CC%EE%F1%EA%EE%E2%F1%EA%E8%E9_%E3%EE%F1%F3%E4%E0%F0%F1%F2%E2%E5%ED%ED%FB%E9_%F3%ED%E8%E2%E5%F0%F1%E8%F2%E5%F2_%E3%E5%EE%E4%E5%E7%E8%E8_%E8_%EA%E0%F0%F2%EE%E3%F0%E0%F4%E8%E8	0.07
35618	http://ru.wikipedia.org/wiki/%D0%9C%D0%BE%D1%81%D0%BA%D0%BE%D0%B2%D1%81%D0%BA%D0%B8%D0%B9_%D0%B3%D0%BE%D1%81%D1%83%D0%B4%D0%B0%D1%80%D1%81%D1%82%D0%B2%D0%B5%D0%BD%D0%BD%D1%8B%D0%B9_%D1%83%D0%BD%D0%B8%D0%B2%D0%B5%D1%80%D1%81%D0%B8%D1%82%D0%B5%D1%82_%D0%BF%D1%83%D1%82%D0%B5%D0%B9_%D1%81%D0%BE%D0%BE%D0%B1%D1%89%D0%B5%D0%BD%D0%B8%D1%8F	0.14
35618	http://slovari.yandex.ru/~%D0%BA%D0%BD%D0%B8%D0%B3%D0%B8/%D0%91%D0%A1%D0%AD/%D0%9C%D0%BE%D1%81%D0%BA%D0%BE%D0%B2%D1%81%D0%BA%D0%B8%D0%B9%20%D0%B8%D0%BD%D1%81%D1%82%D0%B8%D1%82%D1%83%D1%82%20%D0%B8%D0%BD%D0%B6%D0%B5%D0%BD%D0%B5%D1%80%D0%BE%D0%B2%20%D0%B6%D0%B5%D0%BB%D0%B5%D0%B7%D0%BD%D0%BE%D0%B4%D0%BE%D1%80%D0%BE%D0%B6%D0%BD%D0%BE%D0%B3%D0%BE%20%D1%82%D1%80%D0%B0%D0%BD%D1%81%D0%BF%D0%BE%D1%80%D1%82%D0%B0/	0.07
35618	http://www.cmpk.ru/info/vse_voyzi_moskvi/spisok_voyzov/meitu/	0.14
35618	http://www.domkadrov.ru/candsearch.php?compfunction=16&industry=49d&city=1	0.0
35618	http://www.domkadrov.ru/candsearch.php?compfunction=19k&industry=49d&city=1	0.0
35618	http://www.domkadrov.ru/empsearch.php?city=1&compfunction=19e	0.0
35618	http://www.domkadrov.ru/empsearch.php?city=1&compfunction=19g	0.0
35618	http://www.domkadrov.ru/samplecv.php?city=1&compfunction=16	0.0
35618	http://www.edu-all.ru/pages/specall.asp?spidents=1753&sptype=4	0.0
35618	http://www.edu-all.ru/pages/specall.asp?spidents=176&sptype=4	0.0
35618	http://www.mathnet.ru/php/organisation.phtml?option_lang=rus&orgid=1406	0.07
35618	http://www.miit.ru/	0.07
35618	http://www.movuz.net/miit.php	0.14
35618	http://www.rabota.ru/vacancy/%D0%98%D0%BD%D0%B6%D0%B5%D0%BD%D0%B5%D1%80/	0.0
35618	http://www.spr.ru/marina-roscha/moskovskiy-institut-inzhenerov-zheleznodorozhnogo-transporta.html	0.0
35618	http://www.superjob.ru/catalog-vacancies/inzhener.html	0.0
35618	http://www.ucheba.ru/course/17134/about/	0.0
35618	http://www.ucheba.ru/vuz-article/12187.html	0.07
35618	http://www.ucheba.ru/vuz/12896/	0.07
35618	http://www.vesti.ru/	0.0
360100	http://12mult.ru/3408_ronald-varvar	0.14
360100	http://3erx.net/publ/skoro_v_kino/ronald_varvar/37-1-0-2479	0.14
360100	http://anyget.ru/?do=search&search_query=%F0%EE%ED%E0%EB%FC%E4+%E2%E0%F0%E2%E0%F0&search_type=video	0.0
360100	http://dosugpartner.narod.ru/s3/dc/266.html	0.0
360100	http://eugenia26.livejournal.com/17964.html	0.0
360100	http://interweb.spb.ru/phone/fam/23-20	0.0
360100	http://kinovegas.info/main/2496-ronal-varvar.html	0.0
360100	http://kinovegas.info/priklyucheniya/2837-ra-pervyy.html?newsid=2837&seourl=ra-pervyy&seocat=priklyucheniya	0.0
360100	http://kinovegas.info/uzhasy/36-zhivaya-krov.html	0.0
360100	http://li4ka.info/mostelefon/o/328.php	0.0
360100	http://livefilm.info/first/11332-ronald-varvar-ronal-the-barbarian-2011.html	0.14
360100	http://quereeatefijuchron.narod.ru/3.html	0.0
360100	http://ru-ru.facebook.com/people/%D0%A0%D0%BE%D0%BD%D0%B0%D0%BB%D1%8C%D0%B4-%D0%92%D0%B0%D1%80%D0%B2%D0%B0%D1%80/100003887437029	0.0
360100	http://vk.com/video_ext.php?oid=155395348&id=161989816&hash=e1517c557dad9429	0.14
360100	http://witlio.info/a/4.html	0.0
360100	http://www.fast-torrent.ru/film/ronal-varvar.html	0.14
360100	http://www.filmbom.ru/fantasy/17831-konan-varvar-2011-smotret-onlayn.html	0.0
360100	http://www.kinosalo.net/treileru/308-ronald-varvar.html	0.14
360100	http://www.kinotrailer.com.ua/cartoon/647-ronald-varvar-ronal-the-barbarian-2011.html	0.07
360100	http://www.mru21.ru/2be/fdv/%D1%80%D0%BE%D0%BD%D0%B0%D0%BB%D1%8C%D0%B4_%D0%B2%D0%B0%D1%80%D0%B2%D0%B0%D1%80_2011/	0.0
360100	http://www.preletenov.yc.cz/ekcat1/arnold-shvartsenegger-bodibilding-video-161.html	0.0
360100	http://zerx.ru/35829-ronal-varvar.html	0.14
366042	http://1000pozdravleniy.ru/pozdravlen/denrozdeniya/dr155.html	0.0
366042	http://aliom.orthodoxy.ru/arch/012/012-ign-fr.htm	0.0
366042	http://aliom.orthodoxy.ru/arch/017/012-ign-fr.htm	0.0
366042	http://arina-stepnova.narod.ru/pozdr5.html	0.14
366042	http://azbyka.ru/tserkov/duhovnaya_zhizn/o_duhovnom_otce/ilyunina_kto_takie_startsy-all.shtml	0.0
366042	http://fictionbook.ru/author/ignatiya_monahinya/starchestvo_na_rusi/ignatiya_starchestvo_na_rusi.html	0.0
366042	http://freestate.narod.ru/ortho.htm	0.0
366042	http://jesuschrist.ru/forum/382835,,all.php	0.0
366042	http://lib.pushkinskijdom.ru/Default.aspx?tabid=2165	0.0
366042	http://lib.rus.ec/b/369796/read	0.0
366042	http://mail.ru/baptismoseretic.html	0.0
366042	http://mikv1.narod.ru/text/Silvestr.htm	0.0
366042	http://monar.ru/guide.pl-action=article&id_razdel=792&id_article=1903.htm	0.0
366042	http://ni-ka.com.ua/index.php?Lev=collekt	0.0
366042	http://nika.name/cgi-bin/storedoc.cgi?rec_id=-503514481&DM=Mon%2C+01+Aug+2005%2C+18%3A08%3A23+MSD&DS=45849&L=ru&CS=windows-1251&DU=http%3A%2F%2Fnarod.orthodox.org.ru%2FHolidays%2FPX_2%2Fpx_ned2_03_2.htm&CT=text/html&q=%E4%E5%F2%E8	0.0
366042	http://orthodox.etel.ru/2002/46/c_tihonoff.shtml	0.0
366042	http://plisco.pp.ru/ortho/service/slavonic/txt/dobrotolubie/4_04.txt	0.0
366042	http://pravbeseda.ru/library/index.php?page=book&id=195	0.0
366042	http://pravbeseda.ru/library/index.php?page=book&id=542	0.0
366042	http://pravbeseda.ru/library?page=book&id=542	0.0
366042	http://pravoslavie.sexnarod.ru/topic32471.html	0.0
366042	http://pravoslavnyi.narod.ru/Holidays/PX_2/px_ned2_02_2.htm	0.0
366042	http://pravoslavnyi.narod.ru/Holidays/PX_2/px_ned2_03_2.htm	0.0
366042	http://prijut.narod.ru/labirint/Logrus/Isihazm3.htm	0.0
366042	http://ricolor.org/history/ka/podvig/stachestvo	0.0
366042	http://rusk.ru/st.php?idar=103316	0.0
366042	http://ryibak.boxmail.biz/cgi-bin/guide.pl?id_razdel=130023&action=article	0.0
366042	http://vostlit.narod.ru/Texts/rus13/Medvedev/text2.htm	0.0
366042	http://www.bogistina.info/m/bibl/starci/nil_skit.PDF	0.0
366042	http://www.bogoslov.com/files/disk3/web.knigi./Nravstvennostj.i.asketika/Vnutrenjaja.ziznj/H04-T.htm	0.0
366042	http://www.cdrm.ru/kerigma/vosp-det/rogoz/hochu/hochu2.htm	0.0
366042	http://www.cirota.ru/forum/view.php?subj=69609&order=desc&pg=2	0.0
366042	http://www.greets.ru/hol/teachersday/	0.0
366042	http://www.hram-usadba.ru/04docs/podsolnuh03-04.pdf	0.0
366042	http://www.liveinternet.ru/users/byzantium	0.0
366042	http://www.millionpodarkov.ru/wish/pozhelanie-i-pozdravlenie-uchitelej-uchenikam-na-poslednij-zvonok-3.htm	0.07
366042	http://www.millionpodarkov.ru/wish/pozhelanie-uchenikam-v-stihah.htm	0.07
366042	http://www.millionpodarkov.ru/wish/stihotvorenie-pozhelanie-uchenikam.htm	0.07
366042	http://www.missbelle.ru/kaleidoscope/congratulations/birthday-profession-male3.html	0.0
366042	http://www.mobukom.ru/dp/anik/mayikon.html	0.0
366042	http://www.omolenko.com/biblio/svignatii-tom2.htm?p=all	0.0
366042	http://www.orthedu.ru/books/pdffiles/nil_s.pdf	0.0
366042	http://www.orthomama.ru/cat33text155.htm	0.0
366042	http://www.pozdravik.ru/man/ucheniku	0.14
366042	http://www.pravpiter.ru/gorn/n015/ta003.htm	0.0
366042	http://www.russian-inok.org/books/optinskie.html	0.0
366042	http://www.russiancity.ru/books/b61.htm	0.0
366042	http://www.sovets.ru/Holidays/Vipusk/6702.htm	0.07
366042	http://www.staropomor.ru/Bogoslovie(4)/permjakov1.11.html	0.0
366042	http://www.stihi.ru/diary/pravoslav/2010-01-20	0.0
366042	http://www.tverlife.ru/news/41729.html	0.0
366042	http://www.wco.ru/biblio/books/feofanz8/H04-T.htm	0.0
375608	http://alexandret.beon.ru/529-825-arija-genirator-zla-d-javol-skii-znoi.zhtml	0.0
375608	http://allsoftreview.info/soft-review-comments/2061.html	0.0
375608	http://bbs.krasnogorsk.ru/forum/lofiversion/index.php/t137-50.html	0.0
375608	http://beatle.mylivepage.ru/file/163/350_%D0%93%D0%B5%D0%BD%D0%B8%D1%80%D0%B0%D1%82%D0%BE%D1%80_%D0%92%D0%98%D0%A0%D0%A3%D0%A1%D0%9E%D0%92.exe	0.0
375608	http://best.softnavigator.net/soft/comments_1309.html	0.0
375608	http://blacksun.com.ua/index.php?page=names_generator	0.07
375608	http://blog.zhizn.ru/showjournal.php?journalid=1366711&jday=9&jyear=2007&jmonth=1	0.0
375608	http://coliseum.pizza.ee/forum/viewtopic.php?t=3759&sid=5fff9e591c851646f88c0831384e7321	0.0
375608	http://djairspce.mylivepage.ru/file/200/323	0.0
375608	http://forums.akella-online.ru/showthread.php?p=18617	0.0
375608	http://freesoft.ru/?id=667555	0.0
375608	http://gizmod.ru/commentary	0.0
375608	http://heavyrocks.flybb.ru/topic32.html	0.0
375608	http://idea.ru/idea2004/daily/03.05.2004?Author=2&Id=230&	0.0
375608	http://kurufin.narod.ru/html/namegenerator.html	0.14
375608	http://kurufin.ru/html/namegenerator.html	0.14
375608	http://quendi.clan.su/forum/9-129-2	0.0
375608	http://rbbz.nm.ru/	0.0
375608	http://ru.fakenamegenerator.com/	0.14
375608	http://ru.how2.name/	0.14
375608	http://sign.h11.ru/namegen.php	0.07
375608	http://softnavigator.net/2007/04/29/genirator_paroley_v1_0_by_nikmih.html	0.0
375608	http://syharik.mylivepage.ru/file/200/730	0.07
375608	http://tekno.ru/forum/viewtopic.php?p=3602	0.0
375608	http://thedark.clan.su/index/0-4	0.07
375608	http://ukapyc.by.ru/name.htm	0.14
375608	http://www.a-mud.ru/newbie/name_generator/name.php	0.14
375608	http://www.akella.com/forum/showpost.php?s=10065b38fd4a51bf9a9611f49c942e75&p=302518&postcount=108	0.0
375608	http://www.az.ru/klikin/genname.html	0.14
375608	http://www.darkwheel.brk.ru/modules.php?name=Forums&file=posting&mode=reply&t=22	0.0
375608	http://www.darkwheel.brk.ru/modules.php?name=Forums&file=viewtopic&t=22	0.07
375608	http://www.df2.ru/newbie/name	0.07
375608	http://www.dragonlands.rusisrael.com/d&d.html	0.0
375608	http://www.eternityl2.ucoz.ru/forum/22-214-1	0.14
375608	http://www.forums.akella-online.ru/printthread.php?s=4ca67b20079ea602126da7d41522fff4&t=553&page=11&pp=10	0.0
375608	http://www.kuharka.ru/talk/noeat/play/5438.html	0.07
375608	http://www.mikkas-999.by.ru/i.html	0.07
375608	http://www.mmohelper.ru/others/generator-imen-personazhej/	0.14
375608	http://www.soft21.ru/soft/comments_1309.html	0.0
375608	http://www.softnic.ru/soft/download_1309.html	0.0
375608	http://www.softstandart.com/feedback.php?id=1309	0.0
375608	http://www.starway.dp.ua/archive/index.php/t-1429.html	0.0
375608	http://www.sunhome.ru/download/1172	0.07
375608	http://www.swonline.ru/genname.php	0.14
375608	http://xakerstudia.moy.su/load/4-1-0-16	0.0
380923	http://1gdz.ru/class-9/gdz-didakticheskie-materialy-po-geometrii-dlya-9-klassa/	0.14
380923	http://arm-math.rkc-74.ru/p22aa1.html	0.0
380923	http://belousova.21418s07.edusite.ru/p20aa1.html	0.0
380923	http://belousova.21418s07.edusite.ru/p23aa1.html	0.0
380923	http://booking.ucoz.com/load/9_klass/9	0.0
380923	http://books.tr200.ru/f.php?txt=%EA%EE%ED%F2%F0%EE%EB%FC%ED%E0%FF+%F0%E0%E1%EE%F2%E0+%ED%EE%EC%E5%F0+2+%EF%EE+%E0%EB%E3%E5%E1%F0%E5+9+%EA%EB%E0%F1%F1+%EC%E0%EA%E0%F0%FB%F7%E5%E2	0.0
380923	http://buzynet.ru/44178-kontrolnaya-rabota-geometrii-za-8-klass.html	0.0
380923	http://galina1949.ucoz.ru/load/matematika/geometrija_7_klass/dokument/4-1-0-19	0.0
380923	http://gdz-top.ru/?one=1&two=3&three=26	0.14
380923	http://kalinina.web-box.ru/info/9-klass/planirovanie-9-klass-geometrija-po/	0.0
380923	http://knigi.tr200.net/f.php?f=%E4%EE%EC%E0%F8%ED%FF%FF+%EA%EE%ED%F2%F0%EE%EB%FC%ED%E0%FF+%F0%E0%E1%EE%F2%E0+%ED%EE%EC%E5%F0+2+%EF%EE+%E0%EB%E3%E5%E1%F0%E5+%EC%EE%F0%E4%EA%EE%E2%E8%F7+7+%EA%EB%E0%F1%F1+%EC%EE%F0%E4%EA%EE%E2%E8%F7&p=0	0.0
380923	http://knigi.tr200.net/f.php?f=%E4%EE%EC%E0%F8%ED%FF%FF+%EA%EE%ED%F2%F0%EE%EB%FC%ED%E0%FF+%F0%E0%E1%EE%F2%E0+%ED%EE%EC%E5%F0+2+%EF%EE+%E0%EB%E3%E5%E1%F0%E5++7+%EA%EB%E0%F1%F1+%EC%EE%F0%E4%EA%EE%E2%E8%F7&p=0	0.0
380923	http://knigi.tr200.ru/f.php?f=%EA%E0%F0%F2%EE%F7%EA%E8+%EA%EE%ED%F2%F0%EE%EB%FC%ED%E0%FF+%F0%E0%E1%EE%F2%E0+%EF%EE+%E3%E5%EE%EC%E5%F2%F0%E8%E8+9+%EA%EB%E0%F1%F1&p=630	0.0
380923	http://livetheme.ru/9-klass/page/2/	0.0
380923	http://matematikayamal.ucoz.ru/load/6_klass/kontrolnye_raboty_dlja_6_klassa/17-1-0-28	0.0
380923	http://mathematik.com.ua/queue/full_queue.aspx	0.0
380923	http://matmir.narod.ru/MO_Geometruya_8.html	0.0
380923	http://nsportal.ru/shkola/geometriya/library/diagnosticheskie-testovye-raboty-geometrii-9-klass	0.0
380923	http://nsportal.ru/shkola/geometriya/library/kontrolnye-raboty-po-geometrii-9-klass	0.14
380923	http://nsportal.ru/shkola/geometriya/library/test-teorema-sinusov-i-kosinusov	0.0
380923	http://pedsovet.su/load/135-1-0-6969	0.0
380923	http://plaksina.sch1552.edusite.ru/p59aa1.html	0.0
380923	http://rgvlad.ru/news/kontrolnye_raboty_1_4_po_geometrii_9_klass/2011-02-15-33	0.07
380923	http://school-collection.edu.ru/catalog/rubr/fd39f4a9-db7f-cb04-9a70-70887cbf47e2/37066/?interface=themcol	0.14
380923	http://uztest.ru/exam/?idexam=24	0.0
380923	http://uztest.ru/gdz/?tmpl=list.tmpl&ch=6	0.0
380923	http://www.alleng.ru/d/math/math62.htm	0.0
380923	http://www.alleng.ru/d/math/math63.htm	0.0
380923	http://www.alleng.ru/d/math/math678.htm	0.07
380923	http://www.alleng.ru/d/math/math82.htm	0.07
380923	http://www.alleng.ru/edu/math1.htm	0.0
380923	http://www.diary.ru/~eek/p121194164.htm	0.0
380923	http://www.labirint.ru/books/240617/	0.0
380923	http://www.megabotan.ru/reshebnik/geometriya/9_klass/atanasjan	0.0
380923	http://www.metodkopilka.com/article.aspx?menuID=6&SubMenuID=29&id=158&SubID=34	0.0
380923	http://www.resolventa.ru/demo/diaggia.htm	0.07
380923	http://www.spishy.ru/referats/14/8040	0.0
380923	http://www.sprinter.ru/books/1821345.html	0.0
380923	http://www.twirpx.com/files/mathematics/algebra/linear/	0.0
380923	http://wzyocgeawwo.eklablog.com/2-a60036325	0.0
380923	http://xn--80ashg.xn--p1ai/pdf/56.pdf	0.07
