402111	http://24-job.com/board/job_australia/232-1-2-0-0-0-11-3	0.07
402111	http://24-job.com/board/job_australia/232-1-2-0-0-0-17-3	0.07
402111	http://802351.info/5964-v-avstralii.html	0.0
402111	http://auscommunity.com/blog/jobs/	0.0
402111	http://auscommunity.com/tag/%D1%84%D0%BE%D1%82%D0%BE%D0%B3%D1%80%D0%B0%D1%84%20%D0%B2%20%D0%90%D0%92%D1%81%D1%82%D1%80%D0%B0%D0%BB%D0%B8%D0%B8/	0.0
402111	http://auscommunity.com/tag/%D1%84%D0%BE%D1%82%D0%BE%D0%B3%D1%80%D0%B0%D1%84%20%D0%B2%20%D0%90%D0%B2%D1%81%D1%82%D1%80%D0%B0%D0%BB%D0%B8%D0%B8/	0.0
402111	http://australia-ru.com/forum/index.php?showtopic=4467	0.0
402111	http://australia.hh.ru/	0.07
402111	http://australianvisa.ru/?page_id=645	0.07
402111	http://australiawedding.ru/svadebnyj-fotograf.html	0.0
402111	http://cruiselinejob.ru/forum/3-178-3	0.0
402111	http://digittop.com/digifoto/117-sovremennye-zarubezhnye-fotografy-poliksena-papapetrou.html	0.0
402111	http://forum.awd.ru/viewtopic.php?f=76&t=160801&p=2891996	0.0
402111	http://forum.awd.ru/viewtopic.php?t=160801&p=2917312	0.07
402111	http://ifamous.me/blog/fotografii/7112.html	0.0
402111	http://imjuli-au.livejournal.com/	0.07
402111	http://imjuli-au.livejournal.com/tag/%D1%84%D0%BE%D1%82%D0%BE	0.14
402111	http://immiau.ru/chance/	0.0
402111	http://jooble.com.ua/search-vacancy-ukraina/ctg-all/kw-zE2zF0zE0zF7zE8z20zE4zEBzFFz20zF0zE0zE1zEEzF2zFBz20zE2z20zE0zEDzE3zEBzE8zE8z20zEAzE0zEDzE0zE4zE5z20zFDzECzE8zF0zE0zF2zE0zF5z20zF1zF8zE0z20zE8z20zE0zE2zF1zF2zF0zE0zEBzE8zE8	0.0
402111	http://manofart.ru/cvadebnyj-fotograf-jerry-ghionis-avstraliya/	0.0
402111	http://phototalents.ru/lyudi/letnie-foto-devushek-ot-nirrimi-faerbrejs.html	0.0
402111	http://rabota.yandex.ru/search.xml/?job_industry=123&rid=39&text=%D1%84%D0%BE%D1%82%D0%BE%D0%B3%D1%80%D0%B0%D1%84	0.0
402111	http://rabota.yandex.ru/search.xml/?job_industry=123&text=%D1%84%D0%BE%D1%82%D0%BE%D0%B3%D1%80%D0%B0%D1%84&rid=39	0.0
402111	http://rabotatam.ru/forum/21-avstralija/	0.07
402111	http://ru-ru.facebook.com/photographer.in.australia	0.0
402111	http://ru-ru.facebook.com/photographer.in.australia?filter=1	0.0
402111	http://ru.wikipedia.org/wiki/%D0%96%D0%B4%D0%B0%D0%BD%D0%BE%D0%B2,_%D0%90%D0%BB%D0%B5%D0%BA%D1%81%D0%B0%D0%BD%D0%B4%D1%80_%D0%9D%D0%B8%D0%BA%D0%BE%D0%BB%D0%B0%D0%B5%D0%B2%D0%B8%D1%87_(%D1%84%D0%BE%D1%82%D0%BE%D0%B3%D1%80%D0%B0%D1%84)	0.0
402111	http://shirpotreba.net/katalog.php?id=854	0.0
402111	http://subscribe.ru/group/klub-sdelaj-sam/2976705/	0.0
402111	http://tropicpic.ru/	0.0
402111	http://tropicpic.ru/australia	0.0
402111	http://vk.com/olsign	0.0
402111	http://wedgo.ru/country/13/avstraliya.html	0.0
402111	http://wedmen.ru/cat/photo/photo-avstraliya/?r_sortby=highest_rated	0.0
402111	http://www.australia-europe.org/news-list-ru/items/top-10-samyx-vostrebovannyx-professij-v-avstralii.html	0.0
402111	http://www.australia.ru/russian/	0.0
402111	http://www.australiasafari.ru/about	0.0
402111	http://www.creativestudio.ru/articles/russell_james.php	0.0
402111	http://www.ellf.ru/photographers/29647-raboty-fotografa-nika-xadsona-19-foto.html	0.0
402111	http://www.ellf.ru/photographers/page/10/	0.0
402111	http://www.etoday.ru/photography/	0.0
402111	http://www.etoday.ru/photography/2012/06/	0.0
402111	http://www.etoday.ru/photography/2012/07/	0.0
402111	http://www.etoday.ru/photography/2012/08/	0.0
402111	http://www.etoday.ru/photography/2012/09/	0.0
402111	http://www.etoday.ru/photography/2012/10/	0.0
402111	http://www.etoday.ru/tag/%D0%B8%D0%B7%D0%B2%D0%B5%D1%81%D1%82%D0%BD%D1%8B%D0%B5%20%D1%84%D0%BE%D1%82%D0%BE%D0%B3%D1%80%D0%B0%D1%84%D1%8B	0.0
402111	http://www.fg.ru/new_main/newshow/show.php?news=5499	0.0
402111	http://www.fresher.ru/2013/01/28/fotografy-za-rabotoj/	0.0
402111	http://www.fresher.ru/category/feshn-fotografy/	0.0
402111	http://www.gday.ru/forum/archive/index.php/f-118.html	0.0
402111	http://www.lookatme.ru/flow/posts/photo-radar/100009-juli-balla-glavnyy-fotograf-avstralii	0.0
402111	http://www.love-travels.ru/australia/svadba-v-avstralii/	0.0
402111	http://www.mirkrasiv.ru/articles/peizazhi-iz-edy-avstraliiskogo-fotografa-karla-uornera-carl-warner.html	0.0
402111	http://www.mywed.ru/photographer/popular/country/4/city/0/	0.0
402111	http://www.openbusiness.ru/html_euro/australia_open4.htm	0.0
402111	http://www.phototopic.ru/photo-art/	0.0
402111	http://www.student-agency.ru/the-news/169-photographer-cruise-lines.html	0.0
402111	http://www.victor.zll.wedlife.ru/photographers/?country_id=4	0.0
402111	http://www.victor.zll.wedlife.ru/photographers/catalog/?country_id=4	0.07
402111	http://www.wedlife.ru/photographers/?country_id=4	0.0
402111	http://www.wedmarka.ru/wedding/sia/	0.0
402111	http://yesway.ru/raboty-fotografa-yann-arthus-bertrand.html	0.0
405851	http://cheklab.ru/archives/2193	0.14
405851	http://comprad.narod.ru/Hardtrable/videocmp.html	0.0
405851	http://gamegpu.ru/%D0%BF%D1%80%D0%BE%D0%B8%D0%B7%D0%B2%D0%BE%D0%B4%D0%B8%D1%82%D0%B5%D0%BB%D1%8C%D0%BD%D0%BE%D1%81%D1%82%D1%8C-%D0%B2%D0%B8%D0%B4%D0%B5%D0%BE%D0%BA%D0%B0%D1%80%D1%82/%D0%BF%D1%80%D0%BE%D0%B8%D0%B7%D0%B2%D0%BE%D0%B4%D0%B8%D1%82%D0%B5%D0%BB%D1%8C%D0%BD%D0%BE%D1%81%D1%82%D1%8C-%D0%B2%D0%B8%D0%B4%D0%B5%D0%BE%D0%BA%D0%B0%D1%80%D1%82/	0.07
405851	http://gamegpu.ru/производительность-видеокарт/производительность-видеокарт/	0.07
405851	http://www.3dnews.ru/video/faq_po_videokartam/	0.0
405851	http://www.compress.ru/article.aspx?id=19361	0.0
405851	http://www.ferra.ru/ru/video/119537/	0.41
405851	http://www.ferra.ru/ru/video/review/Vybiraem-videokartu-sravnenie-igrovyh-videokart/	0.41
405851	http://www.itshop.ru/Reyting-proizvoditelnosti-sovremennyh-videokart/l9i25019	0.0
405851	http://www.ixbt.com/video3/amd_lineup.shtml	0.07
405851	http://www.nix.ru/hardware-review/video-graphics-gpu-benchmark-performance.html	0.14
405851	http://www.nix.ru/support/video_chips_theoretical_performance.html	0.14
405851	http://www.notebookcheck-ru.com/Mobilnye-videokarty-sravnenie-videokart-noutbukov-testy-videokart-noutbukov-skorost-i-proizvoditelnost.14096.0.html	0.07
405851	http://www.nvidia.ru/html/gpuanalyzer/index.php?game=battlefield-3	0.0
405851	http://www.oszone.net/12764/Compare_AMD_ATI__Nvidia	0.07
405851	http://www.overclockers.ru/lab/21196.shtml	0.0
405851	http://www.overclockers.ru/lab/41588_11/V_pogone_za_proizvoditelnostju_videokarty._Maj_2011.html	0.07
405851	http://www.overclockers.ru/lab/50485/Testirovanie_proizvoditelnosti_videokart_AMD_Radeon_HD_7850_v_rezhime_CrossfireX.html	0.14
405851	http://www.thg.ru/game/crysis_performance/onepage.html	0.0
405851	http://www.thg.ru/graphic/	0.41
405851	http://www.thg.ru/graphic/luchshaja_videokarta_dlja_igr/luchshaja_videokarta_dlja_igr-05.html	0.14
405851	http://yoursputnik.ru/video-card-performance/4377	0.07
407522	http://adalin.mospsy.ru/l_03_00/l0212.shtml	0.0
407522	http://bobrdobr.ru/tags/user/inettt/%D0%B8%D0%B7+%D0%BF%D0%BB%D0%B0%D1%81%D1%82%D0%B8%D0%BA%D0%BE%D0%B2%D1%8B%D1%85+%D0%B1%D1%83%D1%82%D1%8B%D0%BB%D0%BE%D0%BA/	0.07
407522	http://bobrdobr.ru/tags/user/inettt/%D1%83%D0%BA%D1%80%D0%B0%D1%88%D0%B5%D0%BD%D0%B8%D1%8F%20%D0%B4%D0%BB%D1%8F%20%D0%B5%D0%BB%D0%BA%D0%B8,%D0%B8%D0%B7+%D0%BF%D0%BB%D0%B0%D1%81%D1%82%D0%B8%D0%BA%D0%BE%D0%B2%D1%8B%D1%85+%D0%B1%D1%83%D1%82%D1%8B%D0%BB%D0%BE%D0%BA/	0.07
407522	http://ideidetsploshad.info/publ/ispolzuemye_materialy/nashi_stati/jolochnye_shariki_iz_plastikovykh_butylok/19-1-0-416	0.07
407522	http://ideidetsploshad.info/publ/ofrormlenie_detskoj_ploshhadki/zimnee_i_novogodnee_oformlenie/jolochnye_shariki_iz_plastikovykh_butylok/46-1-0-416	0.07
407522	http://lad-lad.ru/novyj-god/169-podelki-k-novomu-godu-svoimi-rukami/1309-elochnye-igrushki-iz-gorlyshka-plastikovoj-butylki.html	0.14
407522	http://liuboznatka.com/?p=309	0.07
407522	http://maders.ru/load/igrushki/jolochnyj_sharik_iz_plastikovoj_butylki/13-1-0-78	0.07
407522	http://mamaschool.ru/prazdniki/master-klass-elochnoe-ukrashenie-zvezda-iz-plastikovoj-butylki	0.07
407522	http://master.forblabla.com/blog/45407360744	0.07
407522	http://master.forblabla.com/blog/45407360744/YOlochnyie-igrushki-iz-plastikovyih-butyilok-(foto)	0.07
407522	http://masterclassy.ru/drugoe/156-elochnye-igrushki-svoimi-rukami.html	0.0
407522	http://news.unipack.ru/28291/	0.07
407522	http://p-i-f.livejournal.com/1157330.html	0.07
407522	http://podelki-doma.ru/handmade/iz-vsyakoy-vsyachinyi/elochnyie-igrushki-iz-plastikovyih-butyilok	0.14
407522	http://s30893898787.mirtesen.ru/_/izplastikovyihbutyilok	0.0
407522	http://sdelaysam.com.ua/node/54	0.07
407522	http://sdelaysam.com.ua/node/63	0.0
407522	http://stranamasterov.ru/node/457762	0.14
407522	http://subscribe.ru/group/rukodelie/3052492/	0.07
407522	http://subscribe.ru/group/s-detmi-i-dlya-detej/3052407/	0.07
407522	http://womensnote.ru/index.php/domashniy-ochag/elochnye-igrushki-iz-plastikovykh-butylok.html	0.14
407522	http://www.2mm.ru/dosug_malysh/706/	0.0
407522	http://www.agroru.com/blog/novinki_agpromislennogo_kompleksa/5160.php	0.07
407522	http://www.blogimam.com/2011/10/samodelnye-novogodnie-igrushki-tematicheskij-obzor/	0.0
407522	http://www.domstoy.ru/publ/interer/ukrashenija_i_aksessuary/novogodnie_igrushki_iz_plastikovykh_butylok_mk/59-1-0-378	0.07
407522	http://www.ecology.md/section.php?section=tech&id=2220	0.0
407522	http://www.egoplast.ru/s1664_c4080.htm	0.07
407522	http://www.google.ru/search?q=%D1%91%D0%BB%D0%BE%D1%87%D0%BD%D1%8B%D0%B5+%D0%B8%D0%B3%D1%80%D1%83%D1%88%D0%BA%D0%B8+%D0%B8%D0%B7+%D0%BF%D0%BB%D0%B0%D1%81%D1%82%D0%B8%D0%BA%D0%BE%D0%B2%D1%8B%D1%85+%D0%B1%D1%83%D1%82%D1%8B%D0%BB%D0%BE%D0%BA&hl=ru&newwindow=1&tbo=u&source=univ&tbm=vid&sa=X&ei=Qa3RUIGiFeT74QSx0oDQDw&ved=0CGcQqwQ	0.07
407522	http://www.liveinternet.ru/tags/%E5%EB%EE%F7%ED%FB%E5+%E8%E3%F0%F3%F8%EA%E8+%F1%E2%EE%E8%EC%E8+%F0%F3%EA%E0%EC%E8/	0.07
407522	http://www.liveinternet.ru/users/ideidetsploshad/post143863714/	0.07
407522	http://www.priroda.su/item/820	0.0
407522	http://www.youtube.com/watch?v=j_Ci0DxcGq0	0.14
409073	http://avia.tutu.ru/	0.41
409073	http://dic.academic.ru/dic.nsf/brokgauz_efron/103698/%D0%A2%D1%83%D1%82%D1%83	0.0
409073	http://dic.academic.ru/dic.nsf/enc_colier/5757/%D0%A2%D0%A3%D0%A2%D0%A3	0.07
409073	http://hh.ru/employer/5325/	0.0
409073	http://hot-100.biz/?buff_link&section_id=2&link_id=1359	0.0
409073	http://hotels.tutu.ru/	0.14
409073	http://hotels.tutu.ru/city/491/moskva/	0.0
409073	http://hotels.tutu.ru/city/75/sankt-peterburg/	0.0
409073	http://hotels.tutu.ru/country/	0.14
409073	http://kamusic.ru/search/%D1%82%D1%83%D1%82%D1%83/	0.0
409073	http://musvid.net/muscat/%D2%F3%F2%F3+%F2%F3%F2%F3/	0.0
409073	http://muzanator.com/track/%D0%A2%D0%A3%D0%A2%D0%A3	0.0
409073	http://n-t.ru/nl/mr/tutu.htm	0.07
409073	http://ru.wikipedia.org/wiki/%D0%94%D0%B5%D1%81%D0%BC%D0%BE%D0%BD%D0%B4_%D0%A2%D1%83%D1%82%D1%83	0.07
409073	http://ru.wikipedia.org/wiki/%D0%A2%D1%83%D1%82%D1%83,_%D0%94%D0%B5%D1%81%D0%BC%D0%BE%D0%BD%D0%B4	0.07
409073	http://ru.wikipedia.org/wiki/%D0%A2%D1%83%D1%82%D1%83_(%D0%B1%D0%BE%D0%B3)	0.07
409073	http://ru.wikipedia.org/wiki/%D0%A3%D0%B1%D0%B0%D1%80-%D0%A2%D1%83%D1%82%D1%83	0.0
409073	http://svana987.beon.ru/	0.0
409073	http://tutu-tutu.blog.ru/	0.0
409073	http://tutu-tutu.ru/	0.0
409073	http://twitter.com/tutu_ru	0.14
409073	http://www.masterpoisks.ru/tutu-ru.html	0.07
409073	http://www.mindbridge.ru/_clients/tutu/	0.07
409073	http://www.tripadvisor.ru/Hotel_Review-g60763-d674915-Reviews-Desmond_Tutu_Center-New_York_City_New_York.html	0.07
409073	http://www.tutu.ru/	0.61
409073	http://www.tutu.ru/01.php	0.14
409073	http://www.tutu.ru/03.php	0.14
409073	http://www.tutu.ru/05.php/	0.14
409073	http://www.tutu.ru/07.php/	0.14
409073	http://www.tutu.ru/10.php	0.14
409073	http://www.tutu.ru/2read/poezda/cheap_train/	0.14
409073	http://www.tutu.ru/metro/	0.14
409073	http://www.tutu.ru/msk/	0.14
409073	http://www.tutu.ru/news/	0.41
409073	http://www.tutu.ru/poezda/	0.14
409073	http://www.tutu.ru/poezda/rasp_d.php?nnst1=2010441&nnst2=2064788	0.0
409073	http://www.tutu.ru/poezda/rasp_d.php?nnst1=8799015&nnst2=8010110	0.07
409073	http://www.tutu.ru/prigorod/	0.14
409073	http://www.tutu.ru/rasp.php?st1=101&st2=41906	0.0
409073	http://www.tutu.ru/sitemap/	0.07
409073	http://www.tutu.ru/spb/	0.14
409073	http://www.tutu.ru/spb/news.php/	0.14
409073	http://www.tutu.ru/station.php?nnst=10402	0.14
409073	http://www.tutu.ru/surprise.php	0.14
409073	https://play.google.com/store/apps/details?id=ru.tutu.etrains	0.0
438518	http://arslan.at.ua/horoscopes/9.htm	0.14
438518	http://astro.dvru.ru/strelec	0.14
438518	http://astrohit.ru/ast/astro_09.php	0.14
438518	http://goroskop-na-segodnya.com/rak.html	0.0
438518	http://horo.mail.ru/narration/sagittarius/	0.14
438518	http://horo.mail.ru/prediction/sagittarius/today/	0.07
438518	http://horo.ua/strelec/	0.14
438518	http://horoscop.onru.ru/sagittarius/psychological	0.07
438518	http://horoscopes.rambler.ru/index.html?s=60558&ss=60566&sign=sagittarius	0.14
438518	http://megarotator.com/goroskop/2220-harakteristika-znaka-zodiaka-strelec.html	0.14
438518	http://strelec-club.ru/publ/8	0.07
438518	http://strelec.akvilon.org.ua/	0.07
438518	http://strelec.akvilon.org.ua/harakter.htm	0.14
438518	http://www.akviloncenter.ru/zodiac/9.htm	0.14
438518	http://www.alegri.ru/astrologija/goroskop/strelec-harakteristika-znaka-zodiaka-strelec.html	0.14
438518	http://www.astrologic-cafe.ru/44.html	0.07
438518	http://www.astrologics.ru/haracteristica-znakov/strelec.html	0.14
438518	http://www.club.ru/articles/at_leisure/horoscope/characteristic/sagittarius	0.14
438518	http://www.ezosite.ru/astro/zodiaks/zodiaks_232.html	0.14
438518	http://www.inmoment.ru/horoscope/general/strelec.html	0.14
438518	http://www.klintsy.ru/horoscope/znaki/strelec.html	0.14
438518	http://www.missfit.ru/zodiac/sagittarius/	0.14
438518	http://www.my-test.ru/test/info9.html	0.14
438518	http://www.prisnilos.su/znaki_zodiaka/strelets.html	0.14
438518	http://www.sonnik-online.net/znaki_zodiaka/strelets.html	0.14
438518	http://www.sonnik-online.net/znaki_zodiaka/strelets_mujchina.html	0.07
48815	http://amorami.com.ua/526/print	0.07
48815	http://grand-tandem.narod.ru/	0.07
48815	http://istokdogs.narod.ru/	0.14
48815	http://kissmekiss.ucoz.ru/forum/81-369-	0.07
48815	http://metamarket.ua/item/603280.htm	0.0
48815	http://moksu.pp.net.ua/board/2-1-0-102	0.07
48815	http://petland.org.ua/mode-article/pge-944.html	0.14
48815	http://pitomnik.pp.net.ua/dir/47	0.07
48815	http://ru-toy.ru/	0.14
48815	http://ru.wikipedia.org/wiki/%C8%F0%EB%E0%ED%E4%F1%EA%E8%E9_%F2%E5%F0%FC%E5%F0	0.0
48815	http://ru.wikipedia.org/wiki/%D0%A2%D0%BE%D0%B9-%D1%82%D0%B5%D1%80%D1%8C%D0%B5%D1%80	0.14
48815	http://slando.ua/zhivotnye/sobaki/toy-terer/	0.14
48815	http://toi-terer.ru/o-sajte.php	0.14
48815	http://toy-dog.info/	0.07
48815	http://toy-terrier.com.ua/	0.14
48815	http://toy-terrier.info/	0.14
48815	http://toy-terrier.info/forum/	0.41
48815	http://toy-terrier.ucoz.ua/	0.14
48815	http://toy-teryer.ru/	0.14
48815	http://toyterrier.sitecity.ru/	0.14
48815	http://videodesign.kiev.ua/forum/showthread.php?p=19232	0.0
48815	http://vidog.ru/	0.07
48815	http://www.avito.ru/catalog/sobaki-89/params.211_1261	0.14
48815	http://www.bullterrier.kiev.ua/enlink/index.php?cat=61	0.0
48815	http://www.dog-toyter.ru/	0.14
48815	http://www.femina.com.ua/page11/razdel34/board2856.html	0.07
48815	http://www.mini-dogs.ru/toi-terrier	0.14
48815	http://www.offer.org.ua/view/2008872758.html	0.0
48815	http://www.pedigree.ru/dogs/breeds/toyterrier/	0.14
48815	http://www.petsinform.com/toy/index.html	0.14
48815	http://www.toy-york.ru/viewpage.php?page_id=25	0.14
48815	http://www.toyalba.ru/	0.07
48815	http://www.toyalba.ru/otzivsgol.html	0.14
48815	http://www.toydogi.ru/	0.14
48815	http://www.toyter.com/	0.14
48815	http://www.uachat.biz/view/9847	0.0
48815	http://www.ukr-biz.net/photo/b115198.htm	0.0
48815	http://www.youtube.com/watch?v=oISMRbaJVuo	0.14
48815	http://www.zooclub.com.ua/1925	0.14
48815	http://www.zooclub.com.ua/685	0.0
48815	http://zoolife.com.ua/pageid838.html	0.14
49587	http://16x.zp.ua/find.php?id=13	0.0
49587	http://16x.zp.ua/sorties.php?sid=812&action=a&id=52	0.0
49587	http://cs.dshost.ru/pstats/player.php?id=5651&ps_sess_id=a093d9b62df0876f030b566d0fd1c30f	0.0
49587	http://forum.armkb.com/games/1861-ljubiteljam_aviasimov.html	0.0
49587	http://forum.aviasibir.ru/showthread.php?s=e75cbe2c6b026dda6bc2f7dc1c82fdee&t=978&goto=nextoldest	0.0
49587	http://forum.kanal7.ru/archive/index.php/t-2551-p-4.html	0.0
49587	http://forum.northnet.ru/archive/index.php/t-173-p-2.html	0.0
49587	http://forum.sudden-strike.ru/archive/index.php/t-3450.html	0.0
49587	http://forum.sudden-strike.ru/printthread.php?s=e25a2a4424d35c1169e4878d90f47238&t=3695&pp=40	0.0
49587	http://forum.wbfree.net/forums/archive/index.php/t-14512.html	0.0
49587	http://forums.airbase.ru/2004/04/13/topic-22124,3--Otsenka-Il-2.html	0.0
49587	http://gamer.lipetsk.ru/forum/showpost.php?s=1b67e85017a8966dfbb35e5709575fe1&p=194087&postcount=236	0.0
49587	http://il-2.narod.ru/DOCs/il2fb_ma.pdf	0.0
49587	http://il2.aplus.by/index.php?cstart=2&do=cat&category=aircraft	0.0
49587	http://il2.mega.kg/stat/find.php?id=714	0.0
49587	http://il2.netbynet.ru/df/find.php?id=315	0.07
49587	http://il2.netbynet.ru/forum/index.php?showtopic=63&st=0&p=926&	0.0
49587	http://il2.netbynet.ru/forum/printthread.php?s=8a04bb68f618a2095c70ba668da2b30a&t=63	0.0
49587	http://il2.netbynet.ru/modules.php?name=News&file=print&sid=3	0.0
49587	http://il2.org.ru/commands.php	0.0
49587	http://il2.org.ru/me262.php	0.0
49587	http://il2.skyline.kh.ua/forum/viewtopic.php?f=16&t=42	0.0
49587	http://il2.skyline.kh.ua/forum/viewtopic.php?f=16&t=42&sid=baab7a629ea2615701e9f067582b1c5c	0.0
49587	http://il2.skyline.kh.ua/forum/viewtopic.php?f=42&t=393	0.0
49587	http://il2.skyline.kh.ua/forum/viewtopic.php?p=173	0.14
49587	http://kapeldiner.ru/html/il2_page_6.html	0.07
49587	http://mail.ru/planes/il-2/il-2-3.htm	0.0
49587	http://ru.m.wikipedia.org/wiki/%D0%9A%D1%83%D1%87%D0%BD%D0%BE%D1%81%D1%82%D1%8C_%D1%81%D1%82%D1%80%D0%B5%D0%BB%D1%8C%D0%B1%D1%8B	0.0
49587	http://samlib.ru/g/galinskij_o/il2-zemljainebo.shtml	0.0
49587	http://strike.migraph.ru/stats16_1/player.php?id=169713&msort=name&morder=desc	0.0
49587	http://strong-server.ru/3413-komandy-dlya-povysheniya-tochnosti-strelby.html	0.0
49587	http://users.northnet.ru/il-2/newfile.html	0.14
49587	http://users.playground.ru/293877	0.0
49587	http://vadimvswar.narod.ru/ALL_OUT/TiVOut9801/IL2AT/IL2AT007.htm	0.14
49587	http://war.by-airforce.com/articles/Il-2-antitank-01.html	0.07
49587	http://war.by-airforce.com/articles/Il-2-antitank-02.html	0.14
49587	http://wiki.worldoftanks.ru/%D0%A1%D1%82%D1%80%D0%B5%D0%BB%D1%8C%D0%B1%D0%B0_%D0%B8_%D0%B1%D1%80%D0%BE%D0%BD%D0%B5%D0%BF%D1%80%D0%BE%D0%B1%D0%B8%D0%B2%D0%B0%D0%B5%D0%BC%D0%BE%D1%81%D1%82%D1%8C	0.0
49587	http://www.23ag.ru/html/il2_page_13.html	0.0
49587	http://www.23ag.ru/html/il2_page_2.html	0.14
49587	http://www.23ag.ru/html/il2_page_6.html	0.0
49587	http://www.23ag.ru/html/il2_page_8.html	0.0
49587	http://www.airpages.ru/ru/il2_6.shtml	0.07
49587	http://www.airwar.ru/enc/aww2/il2-shfk37.html	0.14
49587	http://www.airwar.ru/enc/aww2/il2.html	0.14
49587	http://www.blitzfront.com/forums/lofiversion/index.php/t2790.html	0.0
49587	http://www.csp.ru/archive/index.php/t-133.html	0.0
49587	http://www.csp.ru/printthread.php?s=d70361f8e9e088cf20c3353d59bad5b9&t=133&page=3&pp=10	0.0
49587	http://www.csp.ru/showpost.php?s=459afdb6c0e08c63600210d9a34cf3fe&p=2078&postcount=30	0.0
49587	http://www.degunino.net/forum/printthread.php?s=a730c981a3d579a0469182dcf26d9bbf&t=63	0.0
49587	http://www.friends.nnov.ru/2007/03/02/razer_death_adder.html	0.0
49587	http://www.gamergrad.ru/bf2/weapons/shotguns.php	0.0
49587	http://www.gamergrad.ru/bf2/weapons/smg.php	0.0
49587	http://www.gamergrad.ru/cod/weapons/Colt.php	0.0
49587	http://www.hranitels.ru/forum/showthread.php?t=199	0.14
49587	http://www.il2.play.vsi.ru/sorties.php?sid=57590&action=g&id=534	0.0
49587	http://www.il2sword.ru/forum/index.php?showtopic=1300	0.0
49587	http://www.il2tank.com/article_6.php	0.14
49587	http://www.lki.ru/text.php?id=3690	0.0
49587	http://www.playground.ru/cheats/il-2_shturmovik_tochnaya_strelba-7335/	0.14
49587	http://www.playground.ru/files/907/	0.0
49587	http://www.runshoot.ru/statistics_shooting_accuracy_man.html	0.0
49587	http://www.sukhoi.ru/forum/archive/index.php/t-10171.html	0.0
49587	http://www.sukhoi.ru/forum/archive/index.php/t-15479.html	0.07
49587	http://www.sukhoi.ru/forum/showthread.php?t=38652	0.0
49587	http://www.weltkrieg.ru/forums/archive/index.php/t-280.html	0.07
49587	http://www.xliby.ru/transport_i_aviacija/tehnika_i_vooruzhenie_2001_07/p2.php	0.0
49587	http://www.youtube.com/watch?v=8bPIaqdE6s4	0.0
5308	http://3pu.info/seo-tools/domains	0.0
5308	http://art-domain.info/	0.0
5308	http://caxapa.ru/92670.html	0.0
5308	http://distributed.org.ua/index.php?go=Pages&in=view&id=4	0.0
5308	http://forum.oszone.net/nextoldesttothread-114627.html	0.14
5308	http://forum.oszone.net/post-572043.html	0.14
5308	http://gudzonhost.ru/indexns.php?n=5&id=1938	0.07
5308	http://home-bank.kz/	0.07
5308	http://home.live.com/	0.0
5308	http://hosting.agava.ru/faq/general/domain.shtml	0.14
5308	http://masterhost.ru/support/doc/php/	0.07
5308	http://www.athomejobs.co/	0.0
5308	http://www.avahost.ru/	0.0
5308	http://www.bijid.ru/	0.14
5308	http://www.choicehosting.ru/Windows-7-home-basic-domen-4051.html	0.0
5308	http://www.cmcc.ru/	0.0
5308	http://www.domain.com/	0.0
5308	http://www.hoster.ru/	0.07
5308	http://www.irm.ru/content/domen.html	0.0
5308	http://www.nic.ru/	0.07
5308	http://www.nic.ru/?ipartner=182&adv_id=wkmain	0.0
5308	http://www.securitylab.ru/forum/forum18/topic45791/	0.07
5308	http://www.sites.google.com/	0.0
5308	http://www.toymotion.com/	0.0
55082	http://do.gendocs.ru/docs/index-90329.html	0.14
55082	http://econominfo.ru/view-article.php?id=53	0.07
55082	http://isfic.info/urhis/teris119.htm	0.07
55082	http://jhist.org/code/ettinger5_02.htm	0.07
55082	http://maxbooks.ru/kultur/isku34.htm	0.14
55082	http://mkstanislavovna.livejournal.com/52481.html	0.14
55082	http://nnm.ru/blogs/ksenat/istoriya_zapadnoevropeyskoy_literatury_srednie_veka_i_vozrozhdenie_audiokniga/	0.07
55082	http://otherreferats.allbest.ru/culture/00009213_0.html	0.07
55082	http://otherreferats.allbest.ru/culture/00042771.html	0.07
55082	http://otherreferats.allbest.ru/culture/00042771_0.html	0.07
55082	http://refak.ru/referat/1833/	0.14
55082	http://robotlibrary.com/book/55-istoriya-i-kulturologiya/30-51-obshhaya-xarakteristika-evropejskogo-srednevekovya.html	0.14
55082	http://ru.wikipedia.org/wiki/%D0%92%D0%BE%D0%B7%D1%80%D0%BE%D0%B6%D0%B4%D0%B5%D0%BD%D0%B8%D0%B5	0.0
55082	http://ru.wikipedia.org/wiki/%D0%A1%D1%80%D0%B5%D0%B4%D0%BD%D0%B8%D0%B5_%D1%82%D0%BE%D1%80%D0%B3%D0%BE%D0%B2%D1%8B%D0%B5_%D1%80%D1%8F%D0%B4%D1%8B	0.0
55082	http://ru.wikipedia.org/wiki/%D1%F0%E5%E4%ED%E5%E2%E5%EA%EE%E2%E0%FF_%F4%E8%EB%EE%F1%EE%F4%E8%FF	0.0
55082	http://ru.wikipedia.org/wiki/%D1%F0%E5%E4%ED%E8%E5_%E2%E5%EA%E0	0.14
55082	http://society.polbu.ru/polyak_worldhistory/ch14_i.html	0.14
55082	http://svr-lit.niv.ru/svr-lit/bilety-2/bilet-1.htm	0.07
55082	http://ufalaw.narod.ru/2/kult/kultur/p2_2g1.htm	0.14
55082	http://veksredniy.ru/shpargalki_po_istorii_srednih_vekov-klassifikaciya_srednevekovyh_istochnikov_i_ih_obschaya_harakteristika.html	0.07
55082	http://www.alleng.ru/d/cult/cult010.htm	0.07
55082	http://www.bibliotekar.ru/culturologia/22.htm	0.14
55082	http://www.bibliotekar.ru/culturologia/36.htm	0.07
55082	http://www.bibliotekar.ru/istoriya/39.htm	0.14
55082	http://www.coolreferat.com/%D0%AD%D0%BF%D0%BE%D1%85%D0%B0_%D1%81%D1%80%D0%B5%D0%B4%D0%BD%D0%B5%D0%B2%D0%B5%D0%BA%D0%BE%D0%B2%D1%8C%D1%8F,_%D0%B5%D1%91_%D1%85%D0%B0%D1%80%D0%B0%D0%BA%D1%82%D0%B5%D1%80%D0%B8%D1%81%D1%82%D0%B8%D0%BA%D0%B0	0.14
55082	http://www.davidsbuendler.kz/node/182	0.14
55082	http://www.erudition.ru/referat/printref/id.31584_1.html	0.14
55082	http://www.icetext.ru/	0.14
55082	http://www.kultu-rolog.ru/library/culturology/kultura-drevnosti-i-srednevekovya/11/1/	0.14
55082	http://www.madrace.ru/istoriya-srednich-vekov/kurs-istoriya-srednich-vekov/obschaya-charakteristika-zapadnoy-evropi-v-srednie-veka	0.14
55082	http://www.my-article.net/get/%D0%BD%D0%B0%D1%83%D0%BA%D0%B0/%D0%B8%D1%81%D1%82%D0%BE%D1%80%D0%B8%D1%8F/%D0%B2%D1%81%D0%B5%D0%BC%D0%B8%D1%80%D0%BD%D0%B0%D1%8F-%D0%B8%D1%81%D1%82%D0%BE%D1%80%D0%B8%D1%8F/%D0%BE%D0%B1%D1%89%D0%B0%D1%8F-%D1%85%D0%B0%D1%80%D0%B0%D0%BA%D1%82%D0%B5%D1%80%D0%B8%D1%81%D1%82%D0%B8%D0%BA%D0%B0-%D0%B7%D0%B0%D0%BF%D0%B0%D0%B4%D0%BD%D0%BE%D0%B5%D0%B2%D1%80%D0%BE%D0%BF%D0%B5%D0%B9%D1%81%D0%BA%D0%BE%D0%B3%D0%BE-%D1%81%D1%80%D0%B5%D0%B4%D0%BD%D0%B5%D0%B2%D0%B5%D0%BA%D0%BE%D0%B2%D1%8C%D1%8F-v-xvii-%D0%B2%D0%B2	0.14
55082	http://yanko.lib.ru/books/hist/ist_sred_vv-mgu-a.htm	0.14
58989	http://accords.com.ua/song21717.html	0.0
58989	http://allegrova.narod.ru/texts.html	0.07
58989	http://alllyr.ru/text88341.html	0.14
58989	http://elyric.com.ua/song/3098.html	0.14
58989	http://fan-musicclub.ru/texts/allegrova/angel_zavtrashnego_dnya_.php	0.14
58989	http://fictionbook.ru/ru/author/burcev_viktor/almazniye_2_almaznaya_realnost/similar	0.0
58989	http://hraplgroup.ru/progi_nokia_5500.php	0.0
58989	http://jooov.net/text/728777/leps-angel_zavtrashnego_dnya.htmls	0.14
58989	http://laminortv.ru/478/?id=1812	0.07
58989	http://lib.web-malina.com/getbook.php?bid=2405&page=1	0.0
58989	http://lyricsreal.com/ru/grigorij-leps/angel-zavtrashnego-dnja.html	0.14
58989	http://lyrika.nm.ru/Allegrova/AngelZavtrashnegoDnja.htm	0.14
58989	http://lyrika.nm.ru/LepsGrigorij/AngelZavtrashnegoDnja.htm	0.14
58989	http://maripak-corp.ru/tekst_pesni_leps.php	0.0
58989	http://masteroff.org/42493.html	0.14
58989	http://megalyrics.ru/lyric/%D0%B3-%D0%BB%D0%B5%D0%BF%D1%81-%D0%B8-%D0%B8-%D0%B0%D0%BB%D0%B5%D0%B3%D1%80%D0%BE%D0%B2%D0%B0/%D0%B0%D0%BD%D0%B3%D0%B5%D0%BB-%D0%B7%D0%B0%D0%B2%D1%82%D1%80%D0%B0%D1%88%D0%BD%D0%B5%D0%B3%D0%BE-%D0%B4%D0%BD%D1%8F.htm	0.14
58989	http://minusovochki.net.ru/?page=arhiv	0.0
58989	http://mirpesen.com/ru/grigorij-leps/angel-zavtrashnego-dnja.html	0.14
58989	http://mvagin.narod.ru/texts/snipers/snipers01.htm	0.0
58989	http://pesni-text.ru/song/%D0%93%D1%80%D0%B8%D0%B3%D0%BE%D1%80%D0%B8%D0%B9-%D0%9B%D0%B5%D0%BF%D1%81/%D0%90%D0%BD%D0%B3%D0%B5%D0%BB-%D0%97%D0%B0%D0%B2%D1%82%D1%80%D0%B0%D1%88%D0%BD%D0%B5%D0%B3%D0%BE-%D0%94%D0%BD%D1%8F	0.14
58989	http://shop.avanta.ru/index.asp?OfferID=3099773	0.0
58989	http://songs.ru/search.php?where1=any&where2=any&what=%EB%E5%EF%F1	0.0
58989	http://toy-capital.ru/akkordu_grigorii_leps.php	0.0
58989	http://transport2cc.ru/grigorii_leps_tekstu.php	0.0
58989	http://www.all-lyrics.biz/songs/leps/angel-zavtrashnego-dnya.html	0.14
58989	http://www.alloflyrics.com/lyrics/Sektor-Gaza/Angel-seksa-33261.html	0.0
58989	http://www.aptechka.agava.ru/appendix/narbikova/shepot3.html	0.0
58989	http://www.august.ru/default.aspx?tab=news&art=48078	0.0
58989	http://www.avtotoys.ru/grigorii_leps_tekstu.php	0.0
58989	http://www.druzhnikov.com/text/besed/4.html	0.0
58989	http://www.falshivim-vmeste.ru/199/14	0.0
58989	http://www.gl5.ru/!a/allegrova-irina/allegrova-irina-angel-zavtrachnego-dnya.html	0.14
58989	http://www.ingushetiya.ru/forum_main/msg_243819_243480.html	0.0
58989	http://www.irinaallegrova.ru/music/text.php?ID=1739	0.14
58989	http://www.irinaallegrova.ru/music/text_al.php?ID=1739	0.14
58989	http://www.karaoke.ru/catalog/song/16865363	0.14
58989	http://www.lyricsworld.ru/lyrics/Sektor-Gaza/Angel-seksa-33261.html	0.0
58989	http://www.mp3zzz.ru/song/27511.html	0.0
58989	http://www.muzic.pp.ru/text/23128-161048.html	0.14
58989	http://www.nomorelyrics.net/ru/song/7067.html	0.14
58989	http://www.peoples.ru/art/music/stage/allegrova/song_53128.shtml	0.14
58989	http://www.pesenki.ru/authors/grigorii-leps/angel-zavtra6nego-dna-lyrics.shtml	0.14
58989	http://www.shansonprofi.ru/archiv/lyrics/leps/p1/leps_angel_zavtrashnego_dnya.html	0.14
58989	http://www.shansonprofi.ru/person/leps/lyrics/leps_angel_zavtrashnego_dnya.html	0.14
58989	http://www.text-mp3.ru/get9126342.shtml	0.14
58989	http://www.texti-pesen.net/2/S35679391015.html	0.14
58989	http://www.textoff.ru/text-chord-26342.html	0.14
58989	http://www.toplyrics.biz/lyrics-98652.html	0.14
58989	http://www.zvuki.ru/S/P/60690	0.0
58989	http://zvuki.pasha.ru/S/P/60690	0.0
60304	http://daz.su/nash-otvet/kultura/11/index.aspx	0.14
60304	http://daz.su/nash-otvet/kultura/8/index.aspx	0.0
60304	http://de.academic.ru/dic.nsf/russian_history/9608/%D0%91%D0%AB%D0%9B%D0%98%D0%9D%D0%AB	0.14
60304	http://enc-dic.com/enc_music/Bylina-1225.html	0.14
60304	http://festival.1september.ru/articles/418103/	0.07
60304	http://interpretive.ru/dictionary/395/word/%C1%DB%CB%C8%CD%DB	0.14
60304	http://interpretive.ru/dictionary/443/word/%C1%DB%CB%C8%CD%C0	0.07
60304	http://lessons.sch1636.edusite.ru/p19aa1.html	0.14
60304	http://literary_criticism.academic.ru/48/%D0%B1%D1%8B%D0%BB%D0%B8%D0%BD%D0%B0	0.14
60304	http://mirslovarei.com/content_etn/Bylina-87.html	0.07
60304	http://mirslovarei.com/content_his/byliny-46116.html	0.14
60304	http://narodznaet.ru/articles/chto-takoe-bilina.html	0.0
60304	http://otvet.mail.ru/question/17935958	0.14
60304	http://otvet.mail.ru/question/27337240	0.0
60304	http://otvetin.ru/another/13881-chto-takoe-bylina.html	0.14
60304	http://otvety.google.ru/otvety/thread?tid=1051334195c4ba02	0.07
60304	http://otvety.google.ru/otvety/thread?tid=4bddf780c818dbf6	0.14
60304	http://qalib.ru/answer.php?title=1-258	0.14
60304	http://rassvet.websib.ru/text.htm?no=36&id=3	0.41
60304	http://ru.wikipedia.org/wiki/%C1%FB%E2%E0%EB%FC%F9%E8%ED%E0	0.0
60304	http://ru.wikipedia.org/wiki/%D0%91%D1%8B%D0%BB%D0%B8%D0%BD%D0%B0	0.14
60304	http://ru.wikipedia.org/wiki/%D0%91%D1%8B%D0%BB%D0%B8%D0%BD%D1%8B	0.14
60304	http://ru.wiktionary.org/wiki/%D0%B1%D1%8B%D0%BB%D0%B8%D0%BD%D0%B0	0.14
60304	http://ru.wiktionary.org/wiki/%E1%FB%EB%FC	0.0
60304	http://slovari.yandex.ru/~%D0%BA%D0%BD%D0%B8%D0%B3%D0%B8/%D0%9B%D0%B8%D1%82.%20%D1%8D%D0%BD%D1%86%D0%B8%D0%BA%D0%BB%D0%BE%D0%BF%D0%B5%D0%B4%D0%B8%D1%8F/%D0%91%D1%8B%D0%BB%D0%B8%D0%BD%D1%8B/	0.14
60304	http://slovoborg.su/definition/%D0%B1%D1%8B%D0%BB%D0%B8%D0%BD%D0%B0	0.07
60304	http://slovorus.ru/index.php?ID=83782&pg=100&w=%C1%DB%CB%C8%CD%C0&s=%C1&a=	0.14
60304	http://slovorus.ru/index.php?ID=83793&pg=100&w=%C1%DB%CB%DC&s=%C1&a=	0.0
60304	http://spravo4ka.org.ua/kul'tura/chto-takoe-bylina.html	0.0
60304	http://spravo4ka.org.ua/kul'tura/chto-takoe-dekameron.html	0.0
60304	http://tolkslovar.ru/b8216.html	0.0
60304	http://webotvet.ru/articles/kommentarii/opredelenie-bilina.html	0.14
60304	http://webotvet.ru/articles/opredelenie-bilina.html	0.14
60304	http://www.bestreferat.ru/referat-16073.html	0.14
60304	http://www.bestreferat.ru/referat-43492.html	0.14
60304	http://www.byliny.ru/	0.07
60304	http://www.chtotakoe.info/articles/bylina_508.html	0.0
60304	http://www.chtotakoe.info/articles/dekameron_509.html	0.0
60304	http://www.chusovoe.ru/index.php?page=site&pid=222	0.07
60304	http://www.classes.ru/all-russian/russian-dictionary-Ushakov-term-3951.htm	0.14
60304	http://www.edudic.ru/bes/9202	0.14
60304	http://www.edudic.ru/etn/87/	0.14
60304	http://www.genon.ru/GetAnswer.aspx?qid=cca729da-a344-4894-b511-106dd355d9c3	0.14
60304	http://www.inwhat.ru/articles/bylina_508.php	0.0
60304	http://www.kazakh.ru/talk/mmess.phtml?idt=2609&page=14	0.0
60304	http://www.krugosvet.ru/enc/kultura_i_obrazovanie/literatura/BILINA.html	0.14
60304	http://www.lovewithyou.ru/055/chto-takoe-bylina.html	0.0
60304	http://www.rudata.ru/wiki/%D0%91%D1%8B%D0%BB%D0%B8%D0%BD%D0%B0	0.14
60304	http://www.salebook.ru/?cd=1912	0.07
60304	http://www.slovopedia.com/3/193/775206.html	0.14
60304	http://www.slovopedia.com/3/193/775212.html	0.0
60304	http://www.surbor.su/enicinfo.php?id=342	0.14
60304	http://www.textologia.ru/slovari/literaturovedcheskie-terminy/bil/?q=458&n=36	0.0
60304	http://www.topauthor.ru/Bilina__CHto_takoe_bilina_3830.html	0.14
60304	http://www.tvoyhram.ru/slavrelig/slavrelig38.html	0.41
60304	http://www.voproshaika.narod.ru/130.html	0.14
60304	http://www.vseslova.ru/index.php?dictionary=abramov&word=bil	0.0
60304	http://www.waterdispenser.ru/chto/bylina_508.html	0.0
60304	http://www.zone-x.ru/showtov.asp?Cat_id=541145	0.14
63179	http://afisha.mail.ru/277/	0.07
63179	http://all-biography.ru/alpha/z/zverev-sergej-zverev-sergey	0.07
63179	http://biographer.ru/biographies/181.html	0.07
63179	http://blondie.ru/node/12632?page=11	0.14
63179	http://megalyrics.ru/bio/%D1%81%D0%B5%D1%80%D0%B3%D0%B5%D0%B9-%D0%B7%D0%B2%D0%B5%D1%80%D0%B5%D0%B2.htm	0.07
63179	http://men.jpgs.ru/persons/others/sergey_zverev/	0.0
63179	http://news.yandex.ru/people/zverev_sergej.html	0.0
63179	http://persona.rin.ru/view/f/0/29993/zverev-sergej	0.07
63179	http://persona.rin.ru/view/f/0/36653/zverev-sergej-mladshij	0.0
63179	http://ru.wikipedia.org/wiki/%C7%E2%E5%F0%E5%E2,_%D1%E5%F0%E3%E5%E9_%C0%ED%E0%F2%EE%EB%FC%E5%E2%E8%F7	0.14
63179	http://ru.wikipedia.org/wiki/%D0%97%D0%B2%D0%B5%D1%80%D0%B5%D0%B2%2C_%D0%A1%D0%B5%D1%80%D0%B3%D0%B5%D0%B9_%D0%90%D0%BB%D0%B5%D0%BA%D1%81%D0%B5%D0%B5%D0%B2%D0%B8%D1%87	0.0
63179	http://ru.wikipedia.org/wiki/%D0%97%D0%B2%D0%B5%D1%80%D0%B5%D0%B2,_%D0%A1%D0%B5%D1%80%D0%B3%D0%B5%D0%B9_%D0%90%D0%BD%D0%B0%D1%82%D0%BE%D0%BB%D1%8C%D0%B5%D0%B2%D0%B8%D1%87	0.14
63179	http://www.bestpeopleofrussia.ru/persona/506/bio/	0.07
63179	http://www.kino-teatr.ru/kino/acter/m/star/9404/bio/	0.07
63179	http://www.kino-teatr.ru/kino/acter/star/9404/bio/	0.07
63179	http://www.modernlib.ru/books/zverev_sergey_ivanovich/	0.07
63179	http://www.moizvezdi.ru/znamenitosti/biografii/sergej_zverev	0.07
63179	http://www.paparazzi.ru/stars/190800/	0.07
63179	http://www.peoples.ru/art/designer/zverev/index1.html	0.14
63179	http://www.piplz.ru/page.php?id=183	0.07
63179	http://www.uznayvse.ru/znamenitosti/%D1%81%D0%B5%D1%80%D0%B3%D0%B5%D0%B9-%D0%B7%D0%B2%D0%B5%D1%80%D0%B5%D0%B2.html	0.14
63179	http://www.vokrug.tv/person/show/Sergey_Zverev/	0.07
63179	http://www.zvezdi.ru/artists/sergey_zverev/biography	0.14
63179	http://www.zvezdi.ru/catalog/Z/sergey_zverev.html	0.07
63179	http://zhitejnik.ru/aktery-rezhissery-tele/2210-zaxarov-sergej-zakharov-sergey.html	0.0
690263	http://27sysday.ru/kak-polzovatsya-avz-antivirusom/	0.14
690263	http://8353sms.ru/2011/04/05/314/	0.07
690263	http://akak.ru/recipes/1702-kak-polzovatsya-avz	0.07
690263	http://dev.akak.ru/recipes/1702-kak-polzovatsya-avz	0.07
690263	http://kaylene.ucoz.ru/forum/8-277-1	0.14
690263	http://kreiz.ko3.ru/kak_pravilno_ispolzovat_antivirusnuyu_utilitu_avz__	0.14
690263	http://netler.ru/ikt/avz.htm	0.14
690263	http://otvet.mail.ru/question/22087391	0.07
690263	http://pchelpforum.ru/f26/t22477/	0.0
690263	http://pchelpforum.ru/f26/t26350/	0.07
690263	http://pchelpforum.ru/f26/t62115/	0.0
690263	http://sonikelf.ru/chto-eshhe-umeet-avz-chast-3/	0.14
690263	http://spring.xxbb.ru/viewtopic.php?id=1413	0.07
690263	http://subscribe.ru/group/poleznyie-shtuki-domashnij-kompyuter/2846704/	0.07
690263	http://vse-o-kompyutere.ru/kak-polzovatsya-antivirusom-avz-2/	0.14
690263	http://www.dmosk.ru/programs_work.php?object=5	0.14
690263	http://www.dmosk.ru/programs_work.php?object=avz	0.14
690263	http://www.myberdsk.ru/bitrix/sounds/translate/kak-polzovatsya-avz.php	0.0
690263	http://www.pcwork.ks.ua/load/kak_polzovatsja_avz/1-1-0-181	0.07
690263	http://www.youtube.com/watch?v=3nLE_3GtGJY	0.14
690263	http://www.youtube.com/watch?v=BeZebDF-w08	0.14
690263	http://z-oleg.com/secur/avz/	0.0
690263	http://z-oleg.com/secur/avz/download.php/	0.0
690263	http://z-oleg.com/secur/avz_doc/	0.61
692059	http://8marta.dworik.com/tag/buket-cvetov/	0.14
692059	http://delkipodelki.ru/Iz_Prirodnogo/24_Osenniy_Buket.html	0.07
692059	http://do-by-hands.ru/kvilling/otkrytka-na-den-rozhdeniya-v-texnike-kvilling/	0.14
692059	http://ejka.ru/blog/podelki/1302.html	0.07
692059	http://forbaby.org.ua/master/otkrytki-i-podelki-svoimi-rukami/238-buket-cvetov-podelka-iz-bumagi.html	0.14
692059	http://luntiki.ru/blog/podelki/626.html	0.07
692059	http://masterclassy.ru/podelki/detskie-podelki/1094-vesennie-podelki-v-detskom-sadu-buket-cvetov-master-klass.html	0.14
692059	http://masterclassy.ru/podelki/podelki-k-prazdnikam/3830-zimniy-buket-podelka.html	0.07
692059	http://nu-mama.ru/publ/detskoe_tvorchestvo/podelka_k_8_marta_buket_cvetov/12-1-0-127	0.07
692059	http://podelki.boxter.org/p76	0.07
692059	http://s30893898787.mirtesen.ru/blog/43424728103/Buket-tsvetov-iz-kinder-syurprizov.-Podelki-s-detmi	0.14
692059	http://strana-sovetov.com/hobbies/rukodelie/5663-paper-handicraft-8-march.html	0.14
692059	http://stranamasterov.ru/node/143575	0.07
692059	http://stranamasterov.ru/node/169040	0.14
692059	http://video.mail.ru/mail/krishna.rasa/443/	0.14
692059	http://www.deti03.com/t702-topic	0.07
692059	http://www.mam2mam.ru/articles/favorites/article.php?ID=739	0.41
692059	http://www.metodkabinet.eu/bgm/izotrud/podelki_8_marta.htm	0.07
692059	http://www.millionpodarkov.ru/podelki/podelka-iz-plastikovyh-butylok-buket-miniatyurnyj-buketik-tsvetov.htm	0.14
692059	http://www.millionpodarkov.ru/podelki/tsvety/	0.07
692059	http://www.numama.ru/blogs/podelki-s-detmi/podelka-buket-cvetov.html	0.14
692059	http://www.podelkidoma.ru/node/2230	0.07
692059	http://www.rukikryki.ru/bumaga/raznoe-bumaga/1883-podelki-iz-cvetnoy-bumagi-buket-iz-bumazhnyh-cvetov.html	0.14
692059	http://www.umelyeruchki.ru/podelki/priroda-podelki/360-bukety-iz-suxix-czvetov	0.07
692059	http://www.vseodetyah.com/article.html?id=844&menu=parent	0.14
692308	http://afisha.mail.ru/cinema/movies/646462_esli_by_da_kaby/	0.0
692308	http://all-hit.tv/1416-kamedi-klab-smotret-onlayn-besplatno.html	0.14
692308	http://bigcinema.tv/tvshows/kamedi-klab-serial-2005-.html	0.14
692308	http://comedyland.ru/	0.0
692308	http://ekranka.tv/video/kamedi-klab	0.07
692308	http://kinovam.com/teleperedachi/5605-novyj-kamedi-klab-luchshee-2012.html	0.14
692308	http://kinovam.com/ymor/5822-novyj-kamedi-klab.html	0.14
692308	http://kivinka.ru/index.php?newsid=579	0.0
692308	http://live-film.net/comedii-online/239-novyy-kamedi-klab-comedy-club-novye-vypuski.html	0.0
692308	http://lovekino.tv/load/kvn_i_comedy_club/27	0.07
692308	http://lrnews.ru/blog/post/159284.htm	0.0
692308	http://onfillm.ru/best_shou/1561-komedi-klab-comedy-club-2005-2012-smotret-onlayn-besplatno-vse-serii-novyy-sezon-comedy-club-2012-onlayn.html	0.14
692308	http://online.stepashka.com/serialy/tv/8699-novyy-kamedi-klab-comedy-club-2010-2012.html	0.14
692308	http://tnt-online.ru/smotret-comedy-club.html	0.41
692308	http://uznay.wika.com.ua/news/2008-12-28-590	0.07
692308	http://vepizode.net/kamedi-klab/	0.0
692308	http://videojumor.ru/publ/kamedi_klab_smotret_onlajn/9	0.14
692308	http://vkadre24.ru/publ/tv_shou/raznye/kamedi_klab_296_297_vypusk_2005_2012_smotret_onlajn/60-1-0-2317	0.14
692308	http://vkadre24.ru/publ/tv_shou/raznye/kamedi_klab_299_300_vypusk_2005_2012_smotret_onlajn/60-1-0-2317	0.14
692308	http://www.comedyclub.ru/	0.07
692308	http://www.comedyportal.net/comedyclub	0.14
692308	http://www.comedyportal.net/comedyclub/alexander_revva	0.14
692308	http://www.comedyportal.net/comedyclub/novyi_kamedi_klab_23_noyabrya_2012_vypusk_91	0.14
692308	http://www.comedyportal.net/comedyclub/novyi_kamedi_klab_8_marta_2012_vypusk_65	0.07
692308	http://www.comedyportal.net/comedyclub/pavel_volya	0.14
692308	http://www.rucomedy.com/	0.61
692308	http://www.rucomedy.com/comedy-club/smotrite-kto-prishel.htm	0.07
692308	http://www.rucomedy.com/comedy-club/vypuski	0.14
692308	http://www.rucomedy.com/resident/aleksandr-revva	0.14
692308	http://www.rucomedy.com/resident/garik-xarlamov	0.14
692308	http://www.rucomedy.com/resident/pushnoi	0.07
692308	http://www.video-serial.ru/blog/1-0-5	0.0
692308	http://www.video-serial.ru/blog/shou_comedy_club_vypusk_235/2011-04-09-658	0.0
692308	http://www.youtube.com/watch?v=LfR1rYXKaQM	0.41
692308	http://yasmile.ru/top-kamedi-klab/	0.07
70357	http://09spravki.ru/requisites.php	0.0
70357	http://adresa.yandex.ru/?region=1	0.14
70357	http://adresnoe.info/	0.14
70357	http://advokatkurbatskiy.ru/adresno-telefonnyy_spravochnik_mvd_	0.0
70357	http://db.spravki.net/moscow/	0.14
70357	http://gmstar.ru/	0.07
70357	http://infobaza.org/	0.14
70357	http://interweb.spb.ru/phone/	0.07
70357	http://maps.google.ru/maps?num=10&um=1&ie=UTF-8&q=%D0%A2%D0%B5%D0%BB%D0%B5%D1%84%D0%BE%D0%BD%D0%BD%D1%8B%D0%B9+%D1%81%D0%BF%D1%80%D0%B0%D0%B2%D0%BE%D1%87%D0%BD%D0%B8%D0%BA&near=%D0%9C%D0%BE%D1%81%D0%BA%D0%B2%D0%B0&fb=1&view=text&sa=X&oi=local_group&resnum=4&ct=more-results&cd=1	0.14
70357	http://mgts.ru/folders/2916	0.07
70357	http://mgts.ru/home/information-service/09/	0.0
70357	http://mskphone.ru/	0.0
70357	http://necessary-soft.net/misc/103661-telefonnyj-spravochnik-mgts-moskva-2011.html	0.14
70357	http://phone.desk.ru/	0.07
70357	http://phone.febus.net/	0.07
70357	http://rusinfo.info/mgts.php	0.14
70357	http://spravkaru.net/moscow495/	0.14
70357	http://spravkaru.net/russia/	0.07
70357	http://spravki.net/go/phones/Moscow/	0.07
70357	http://spravochnik-09.com/russia/moskva/	0.07
70357	http://woop.ru/soft/7974-telefonnaja-baza-dannykh-egts-35.5-professional.html	0.0
70357	http://www.allo495.ru/telephones-cat-24.html	0.07
70357	http://www.bereg.ru/sprav_info/sprav_tel/tel_msk.shtml	0.07
70357	http://www.btk-online.ru/	0.14
70357	http://www.businessinfo.ru/theme_4.html	0.07
70357	http://www.euroadr.ru/	0.14
70357	http://www.hella.ru/code/city/moscow.htm	0.07
70357	http://www.info4help.com/	0.14
70357	http://www.mos.ru/authority/information/	0.0
70357	http://www.mosaddress.ru/	0.14
70357	http://www.mosbd.ru/product_224.html	0.07
70357	http://www.nomer.org/	0.0
70357	http://www.nomer.org/moskva/	0.41
70357	http://www.nomer.org/moskva/-%D0%A2%D0%B5%D0%BB%D0%B5%D1%84%D0%BE%D0%BD%D0%BD%D1%8B%D0%B9	0.14
70357	http://www.spr.ru/	0.14
70357	http://www.yell.ru/	0.14
70357	http://www.zapross.ru/	0.0
70618	http://alloy.ru/profile/838892015.html	0.0
70618	http://artnexx.ru/Art-%D0%BA%D0%B0%D1%82%D0%B0%D0%BB%D0%BE%D0%B3/%D0%9C%D1%83%D0%B7%D1%8B%D0%BA%D0%B0/%D0%9C%D1%83%D0%B7%D1%8B%D0%BA%D0%B0%D0%BB%D1%8C%D0%BD%D1%8B%D0%B5_%D0%B3%D1%80%D1%83%D0%BF%D0%BF%D1%8B?start=120	0.0
70618	http://as.baikal.tv/news/new.html?newsid=2010092433	0.0
70618	http://edu.ust-ilimsk.ru/	0.0
70618	http://eventcatalog.ru/artist/valera_chigincev/	0.0
70618	http://ilimcity.ru/video/yumor/tv/veduschii-ugaraet-v-prjamom-yefire.html	0.0
70618	http://irkutsk.rfn.ru/region/rnews.html?id=1345&rid=341	0.0
70618	http://lenta.ru/news/2007/08/16/doroshok	0.0
70618	http://lim.60333.ru/uitrk	0.0
70618	http://porniksaulastinus4.solidwebhost.com/tv-vedushhijj-vakansii.html	0.0
70618	http://poteha.irk.ru/art_69.htm	0.0
70618	http://pulssana.ru/kurort-rus-ust-ilimsk.html	0.0
70618	http://re-port.ru/press/2260	0.0
70618	http://ru.m.wikipedia.org/wiki/%D0%A3%D1%81%D1%82%D1%8C-%D0%98%D0%BB%D0%B8%D0%BC%D1%81%D0%BA	0.0
70618	http://ru.wikipedia.org/wiki/%D0%A0%D0%95%D0%9D_%D0%A2%D0%92	0.0
70618	http://ru.wikipedia.org/wiki/%D0%A3%D1%81%D1%82%D1%8C-%D0%98%D0%BB%D0%B8%D0%BC%D1%81%D0%BA	0.0
70618	http://subscribe.ru/catalog/rss.1819	0.0
70618	http://uimplus.ru/	0.0
70618	http://ust-ilimsk-38.pulset.ru/a_viz1_city.php?lim=0&typeusl=408&id_city=120&usl=%D0%B2%D1%8B%D1%81%D1%82%D0%B0%D0%B2%D0%BE%D1%87%D0%BD%D0%B0%D1%8F%20%D0%B4%D0%B5%D1%8F%D1%82%D0%B5%D0%BB%D1%8C%D0%BD%D0%BE%D1%81%D1%82%D1%8C	0.0
70618	http://ust-ilimsk-38.pulset.ru/a_viz_city.php?lim=0&tmark=4&id_city=120&posic=1315&tovar=tV-%F2%FE%ED%E5%F0%FB	0.0
70618	http://ust-ilimsk.europaplus.ru/index.php?go=News&in=view&id=4207	0.0
70618	http://ust-ilimsk.mobi/board/1	0.0
70618	http://ust-ilimsk.mobi/index/0-26	0.0
70618	http://ust-ilimsk.mobi/index/0-30	0.0
70618	http://ust-ilimsk1.narod.ru/	0.0
70618	http://ust-ilimsk1.narod.ru/Foto/fotolob/78.html	0.0
70618	http://ust-ilimsk1.positronica.ru/shop/news/news-314	0.0
70618	http://ust-ilimsk1.positronica.ru/shop/news/news-333	0.0
70618	http://vesti.irk.ru/index.php?article=2003.04.16.20.21	0.0
70618	http://video.sibnet.ru/video198183-Gonki_na_vyijivanie___TV_syujet/	0.0
70618	http://vk.com/id1058122	0.07
70618	http://vkontakte.ru/id1058122	0.14
70618	http://www.3kanaltv.ru/	0.0
70618	http://www.3kanaltv.ru/index.php?limitstart=8	0.07
70618	http://www.aquaexpert.ru/spa_san/region38/ustilimsky/rusikt/	0.0
70618	http://www.babr.ru/?pt=truba&stownR=44	0.0
70618	http://www.gorodtv.ru/programs/vopervyh/archive/2895	0.0
70618	http://www.ilimweb.ru/	0.0
70618	http://www.ilimweb.ru/ust-ilimsk/12-smi-spravka/13-televidenie-radio/250-radio-retro-fm.html	0.0
70618	http://www.ilimweb.ru/ust-ilimsk/12-smi-spravka/13-televidenie-radio/33-tv-tretij-kanal.html	0.0
70618	http://www.ilimweb.ru/ust-ilimsk/2-byudzhetnye/23-mediczina/211-psixonevrologicheskij-dispanser.html	0.0
70618	http://www.ilimwiki.ru/%D0%A3%D1%81%D1%82%D1%8C-%D0%98%D0%BB%D0%B8%D0%BC%D1%81%D0%BA	0.0
70618	http://www.ircenter.ru/ru/search/?city_id=47&cat_id=3786	0.0
70618	http://www.irk.ru/news/20060724/pozhar.html	0.0
70618	http://www.irkobl.ru/qa/183.2	0.0
70618	http://www.kommersant.ru/doc.aspx?DocsID=795878	0.0
70618	http://www.liski1.positronica.ru/shop/news/news-314	0.0
70618	http://www.mbui.ru/	0.0
70618	http://www.mojgorod.ru/irkutsk_obl/ustjilimsk	0.0
70618	http://www.mvideo.ru/phorum/post.php?4	0.0
70618	http://www.myui.ru/index/ust_ilimsk/0-5	0.0
70618	http://www.natel.ru/personal	0.0
70618	http://www.ntvplus.ru/forum-user-messages?id=GARAGIK&page=9	0.0
70618	http://www.ohot-prostory.ru/index.php?option=com_content&task=view&id=1160	0.0
70618	http://www.ohot-prostory.ru/index.php?option=com_content&task=view&id=1160&Itemid=99999999	0.0
70618	http://www.proilim.ru/	0.0
70618	http://www.proilim.ru/e_plugins/forum/forum_viewtopic.php?2523.50	0.0
70618	http://www.proilim.ru/e_plugins/rss_menu/rss.php?8.3.2523.10	0.0
70618	http://www.proilim.ru/e_plugins/yellowpages/yellowpages.php?catview.112	0.0
70618	http://www.reklama-online.ru/gor.php?gor=277	0.0
70618	http://www.superjob.ru/	0.0
70618	http://www.ust-ilimsk.ru/	0.0
70618	http://www.ust-ilimsk.ru/index.php	0.0
70618	http://www.ustilimsk.ru/	0.07
70618	http://www.vokrugsveta.ru/publishing/vs/archives?item_id=2155	0.0
79514	http://hotels-surgut.ru/	0.07
79514	http://otelin.ru/surgut/polaris	0.14
79514	http://tonkosti.ru/%CE%F2%E5%EB%FC_Polaris_%D1%F3%F0%E3%F3%F2_%D0%EE%F1%F1%E8%FF?from=samo	0.14
79514	http://tonkosti.ru/%D0%9E%D1%82%D0%B5%D0%BB%D1%8C_Polaris_%D0%A1%D1%83%D1%80%D0%B3%D1%83%D1%82_%D0%A0%D0%BE%D1%81%D1%81%D0%B8%D1%8F	0.14
79514	http://tum.hotel.uralregion.ru/hotel.php?city=48	0.07
79514	http://ugradom.ucoz.ru/index/surgut_kod_3462/0-19	0.07
79514	http://www.facebook.com/pages/%D0%A1%D1%83%D1%80%D0%B3%D1%83%D1%82-%D0%9E%D1%82%D0%B5%D0%BB%D1%8C-%D0%9F%D0%BE%D0%BB%D1%8F%D1%80%D0%B8%D1%81/246597305387838	0.07
79514	http://www.hotel-in-russia.ru/2044.php	0.14
79514	http://www.hotelpolaris.ru/	0.61
79514	http://www.hotelpolaris.ru/billiards/	0.07
79514	http://www.hotelpolaris.ru/contacts/	0.14
79514	http://www.hotelpolaris.ru/hotel/	0.14
79514	http://www.hotelpolaris.ru/hotel/price/	0.14
79514	http://www.hotelpolaris.ru/hotel/reservation/	0.41
79514	http://www.hotelpolaris.ru/hotel/s2/	0.07
79514	http://www.hotelpolaris.ru/index/	0.41
79514	http://www.hotelpolaris.ru/restaurant/	0.14
79514	http://www.iglobe.ru/hotels/europe/russia/surgut/hotel-polaris-464511	0.07
79514	http://www.komandirovka.ru/hotels/surgut/	0.07
79514	http://www.komandirovka.ru/hotels/surgut/polarishotel/	0.14
79514	http://www.otels.ru/2044.htm	0.14
79514	http://www.otels.ru/surgut.htm	0.07
79514	http://www.prohotel.ru/hotel-108042/0/	0.07
79514	http://www.ru.all.biz/guide/hotels/?id=170	0.07
79514	http://www.surguthotels.ru/hotels/polaris-hotel.html	0.14
79514	http://www.tumenhotel.ru/hotel.php?city=48&descr=641	0.07
91889	http://forum.zaural.ru/index.php?topic=3924.0	0.0
91889	http://gydyny.hotmail.ru/ti-moya-nenaglyadnaya-n.html	0.0
91889	http://hubu.ru/#ru%2Fcmp%2F%3Fcmp=246367	0.14
91889	http://knigakolli.narod.ru/sms/ancorpri.html	0.0
91889	http://kommentu.ru/Kommentarii-devushke/-10.html	0.0
91889	http://kpacmuxu.ru/nezhnaja-dobraja-milaja	0.0
91889	http://kpacoma2.narod.ru/picmo.htm	0.0
91889	http://livemusic.org.ua/song/418689.html	0.0
91889	http://loveyou.nsknet.ru/priznanie	0.0
91889	http://loveyou.nsknet.ru/priznanie/ona	0.0
91889	http://loveyou.nsknet.ru/sona-2	0.0
91889	http://mp3ostrov.com/?string=%F2%FB%20%EA%F0%E0%F1%E8%E2%E0%FF%20%EC%E8%EB%E0%FF	0.0
91889	http://mp3prima.com/mp3poisk/%D0%9C%D0%B8%D0%BB%D0%B0%D1%8F	0.0
91889	http://music.lib.ru/g/gajdamak_a/alb2.shtml	0.0
91889	http://muzda.ru/mp3/%D0%9C%D0%B8%D0%BB%D0%B0%D1%8F+%D1%82%D1%8B+%D0%BA%D0%B0%D0%BA+%D1%81%D0%BE%D0%BB%D0%BD%D1%86%D0%B5+%D0%BA%D1%80%D0%B0%D1%81%D0%B8%D0%B2%D0%B0%D1%8F/	0.0
91889	http://muzico.ru/index.php?m=music&q=%D0%BC%D0%B8%D0%BB%D0%B0%D1%8F%20%D1%82%D1%8B%20%D0%BA%D0%B0%D0%BA%20%D1%81%D0%BE%D0%BB%D0%BD%D1%86%D0%B5%20%D0%BA%D1%80%D0%B0%D1%81%D0%B8%D0%B2%D0%B0%D1%8F%20&x=20&y=16	0.0
91889	http://muzico.ru/index.php?m=music&q=%D0%BC%D0%B8%D0%BB%D0%B0%D1%8F%20%D1%82%D1%8B%20%D0%BA%D0%B0%D0%BA%20%D1%81%D0%BE%D0%BB%D0%BD%D1%86%D0%B5%20%D0%BA%D1%80%D0%B0%D1%81%D0%B8%D0%B2%D0%B0%D1%8F&x=0&y=0	0.0
91889	http://muzico.ru/index.php?m=music&q=%D1%81%D0%B0%D0%BC%D0%B0%D1%8F%20%D0%BC%D0%B8%D0%BB%D0%B0%D1%8F&x=10&y=15	0.0
91889	http://muzofon.com/search/%D0%94%D0%B5%D0%B2%D1%83%D1%88%D0%BA%D0%B0%20%D0%BC%D0%B8%D0%BB%D0%B0%D1%8F	0.0
91889	http://muzofon.com/search/%D0%BC%D0%B8%D0%BB%D0%B0%D1%8F	0.0
91889	http://muzofon.com/search/%D0%BC%D0%B8%D0%BB%D0%B0%D1%8F%20%D1%82%D1%8B%20%D0%BA%D0%B0%D0%BA%20%D1%81%D0%BE%D0%BB%D0%BD%D1%86%D0%B5	0.0
91889	http://muzofon.com/search/%D0%BC%D0%B8%D0%BB%D0%B0%D1%8F%20%D1%82%D1%8B%20%D0%BA%D0%B0%D0%BA%20%D1%81%D0%BE%D0%BB%D0%BD%D1%86%D0%B5%20%D0%BA%D1%80%D0%B0%D1%81%D0%B8%D0%B2%D0%B0%D1%8F	0.0
91889	http://muzofon.com/search/%D0%BC%D0%B8%D0%BB%D0%B0%D1%8F%20%D1%82%D1%8B%20%D0%BA%D0%B0%D0%BA%20%D1%81%D0%BE%D0%BB%D0%BD%D1%86%D0%B5%20%D0%BA%D1%80%D0%B0%D1%81%D0%B8%D0%B2%D0%B0%D1%8F%20%20%D0%BA%D1%80%D0%B8%D1%87%D0%B5%D0%B2%D1%81%D0%BA%D0%B8%D0%B9	0.0
91889	http://muzofon.com/search/%D0%BC%D0%B8%D0%BB%D1%8B%D0%B9%20%D0%BA%D1%80%D0%B0%D1%81%D0%B8%D0%B2%D1%8B%D0%B9	0.0
91889	http://muzofon.com/search/%D1%82%D1%8B%20%D1%81%D0%B0%D0%BC%D0%B0%D1%8F%20%D0%BA%D1%80%D0%B0%D1%81%D0%B8%D0%B2%D0%B0%D1%8F%20%D0%BD%D0%B5%D0%B6%D0%BD%D0%B0%D1%8F%20%D0%B8%20%D0%BC%D0%B8%D0%BB%D0%B0%D1%8F	0.0
91889	http://nacelo.ru/61483/1822685/1	0.0
91889	http://otvet.mail.ru/question/19561137	0.0
91889	http://pozdravok.ru/pozdravleniya/imena/anastasiya/3.htm	0.0
91889	http://push-sms.ru/nochsms3.html	0.0
91889	http://sklevat.ru/index-b-index-1439895.dll	0.0
91889	http://sms-warez.narod.ru/nice_s.html	0.0
91889	http://top4sms.ru/41-milye-sms.html	0.0
91889	http://tune-g.ru/forum/raznoe/741-milaya.html	0.0
91889	http://vmusice.net/mp3/%EA%F0%E0%F1%E8%E2%E0%FF%2B%EC%E8%EB%E0%FF%2B%EC%EE%FF	0.0
91889	http://www.agentstvo-prazdnik.ru/audio/performer/3530-korzh_igor/23566-milaja.html	0.14
91889	http://www.agentstvo-prazdnik.ru/audio/performer/3530-korzh_igor/33657-milaja.html	0.14
91889	http://www.agentstvo-prazdnik.ru/text/3530/23566	0.14
91889	http://www.audiopoisk.com/track/igor_-korj/mp3/milaa/	0.14
91889	http://www.babyblog.ru/user/SvetikL/539266	0.0
91889	http://www.beeset.ru/index.php?m1=30&m2=60&id=620326	0.07
91889	http://www.bisound.com/index.php?name=Files&op=view_file&id=9585142	0.0
91889	http://www.bisound.com/index.php?name=Files&op=view_file&id=9681651	0.0
91889	http://www.bisound.com/index.php?name=Files&op=view_file&id=9822863	0.0
91889	http://www.greets.ru/cat/sms_pozdravleniya_dlya_lyubimyh/lyubimaya/	0.0
91889	http://www.heo.ru/sms/love/nice_s/new.php	0.0
91889	http://www.ngavan.ru/gan/a01/b90/c0000/d0526/ind.shtml	0.0
91889	http://www.photoshop-prime.ru/Krasivie_kommentarii.htm	0.0
91889	http://www.sunhome.ru/poetry/543466	0.0
99543	http://akhalkalaki.net/load/kvn/utomlennye_solncem/35	0.14
99543	http://forum.zaycev.net/index.php?act=ST&f=52&t=42224	0.0
99543	http://gudok.akos.ru/pages/rbt_cat/idp=2472&cat=40&theme=&inname=%CA*&numpage=2&orderby=	0.0
99543	http://inf.by/library/1394	0.14
99543	http://irc.lv/video?id=I0Q63COnkQwg	0.07
99543	http://irc.lv/video?id=MuBPIfRbvpQn	0.14
99543	http://irc.lv/video?id=PQ4d9ZcYa1Wx	0.07
99543	http://kharkov.nezabarom.ua/ua/events/Den-rojdeniya-kluba-MistoKVN-Utomlennye-solncem	0.0
99543	http://kvn-online.com/command/utomlennye-solncem	0.14
99543	http://kvnru.ru/06.01.2004/1/	0.14
99543	http://kwn.nnm.ru/kvn_utomlennye_solncem	0.07
99543	http://malinky.ru/2007/08/17/narezka_kvn.utomlennye_solncem.babushka_siranush..html	0.14
99543	http://pocket-video.com.ua/index.php?newsid=1157400829	0.07
99543	http://pocket-video.com.ua/index.php?newsid=1167124564	0.07
99543	http://pricol-tv.ucoz.net/load/kvn/utomlennye_solncem/8	0.14
99543	http://pricol-tv.ucoz.net/photo/kvn/utomlennye_solncem/3-2-0-0-2	0.14
99543	http://rtube.ru/blog/2006-11-09-56	0.14
99543	http://ru.wikipedia.org/wiki/%D0%A3%D1%82%D0%BE%D0%BC%D0%BB%D1%91%D0%BD%D0%BD%D1%8B%D0%B5_%D1%81%D0%BE%D0%BB%D0%BD%D1%86%D0%B5%D0%BC_(%D0%BA%D0%BE%D0%BC%D0%B0%D0%BD%D0%B4%D0%B0_%D0%9A%D0%92%D0%9D)	0.14
99543	http://ru.wikipedia.org/wiki/%D3%F2%EE%EC%EB%B8%ED%ED%FB%E5_%F1%EE%EB%ED%F6%E5%EC_(%EA%EE%EC%E0%ED%E4%E0_%CA%C2%CD)	0.14
99543	http://russianmadison.com/index.php?go=Page&id=39	0.0
99543	http://rutube.ru/tracks/72658.html?v=1e995694ecf3461abdf6ee1331a7637e	0.14
99543	http://rutube.ru/tracks/72676.html	0.14
99543	http://rutube.ru/tracks/72676.html?v=f0ff8fced43a123a1ac5c973c3334f0f	0.14
99543	http://schoolgicines.narod.ru/	0.0
99543	http://smotri.com/video/view/?id=v10453fb9d	0.14
99543	http://smotri.com/video/view/?id=v28077888d6	0.07
99543	http://spb.kp.ru/2007/02/01/doc161469	0.0
99543	http://tfile.me/forum/viewtopic.php?t=30589	0.0
99543	http://tube.by/search_result.php?search_id=Утомлённые	0.0
99543	http://us-kvn.narod.ru/	0.61
99543	http://video.bigmir.net/show/85232/	0.07
99543	http://video.i.ua/user/14/31/172/	0.14
99543	http://video.mail.ru/list/queenfire/49/55.html	0.14
99543	http://videosmart.ru/modules/files/showfile.php?lid=204	0.0
99543	http://vparyade.ru/index.php?q=http%3A%2F%2Ftfile.ru%2Fforum%2Fviewtopic.php%3Ft%3D126849%26amp%3Bsid%3Dd485161327356c3f14ecf3719e5757b4	0.0
99543	http://wesseling.ucoz.ru/load/8-1-0-24	0.07
99543	http://www.altash.uz/category/utomlyonie_solncem_video	0.0
99543	http://www.darkstar.ru/2007/09/20/kvn-utomlennye-solncem/	0.14
99543	http://www.intv.ru/view?film_id=18947	0.0
99543	http://www.intv.ru/view?film_id=18947&playNow=1	0.0
99543	http://www.intv.ru/view?film_id=7835	0.0
99543	http://www.liveinternet.ru/users/787680/post56187698	0.0
99543	http://www.liveinternet.ru/users/932819/post29115454/play	0.07
99543	http://www.myvi.ru/ru/videodetail.aspx?video=edb150d5bbfc4a009a4f43875e2ad1c5&ap=1	0.14
99543	http://www.parter.ru/event.asp?sect=71&event=5232&from=ng	0.0
99543	http://www.smo3.info/humour/Mihail-GALUSTJaN-KVN-Utomlennye-solncem-i-Nasha-Russia-zavjol-psa-redkoi-porody	0.0
99543	http://www.videokvn.ru/keywords/utomlennye-solncem	0.14
99543	http://www.videokvn.ru/news/tishina-dolzhna-byt-v-biblioteke-utomlennye-solncem.htm	0.07
99543	http://www.volgograd.ru/theme/info/sobytiya/11677.pub	0.0
99543	http://www.youtube.com/watch?v=-ttDBOqTtJE	0.14
99543	http://www.youtube.com/watch?v=GnYDjKuOPp4	0.14
99543	http://www.youtube.com/watch?v=QDcomRWogFE	0.14
99543	http://www.youtube.com/watch?v=Y3n47xZb0b4	0.14
99543	http://www.yuga.ru/articles/culture?id=3378	0.0
99543	http://www.zexe.de/modules.php?name=Pages&pa=showpage&pid=816	0.14
99543	http://zapil77.by.ru/kubok-kvn-g-dubna.html	0.0
